date,geo,touchpoint_name,metric_value,spend
2023-01-02,New_York,TV_National,31.46,9569.38
2023-01-02,New_York,Search_Brand,911.91,5220.57
2023-01-02,New_York,Search_Generic,446.79,3430.3
2023-01-02,New_York,Facebook,28360.14,3752.16
2023-01-02,New_York,Instagram,14566.46,1931.61
2023-01-02,New_York,YouTube,10545.06,2209.56
2023-01-02,New_York,Display,25355.63,1535.1
2023-01-02,New_York,Email,4321.62,228.58
2023-01-02,Los_Angeles,TV_National,36.09,10491.76
2023-01-02,Los_Angeles,Search_Brand,740.34,5684.27
2023-01-02,Los_Angeles,Search_Generic,793.42,6086.49
2023-01-02,Los_Angeles,Facebook,24964.82,4112.5
2023-01-02,Los_Angeles,Instagram,18968.42,2626.29
2023-01-02,Los_Angeles,YouTube,14226.67,2740.42
2023-01-02,Los_Angeles,Display,36133.59,1860.16
2023-01-02,Los_Angeles,Email,8953.3,371.97
2023-01-02,Chicago,TV_National,46.52,15512.6
2023-01-02,Chicago,Search_Brand,1245.14,9378.79
2023-01-02,Chicago,Search_Generic,703.17,6415.49
2023-01-02,Chicago,Facebook,30308.66,4245.4
2023-01-02,Chicago,Instagram,29441.63,4051.8
2023-01-02,Chicago,YouTube,19764.78,4073.79
2023-01-02,Chicago,Display,38624.52,2075.37
2023-01-02,Chicago,Email,10749.17,483.54
2023-01-02,Houston,TV_National,55.54,19873.28
2023-01-02,Houston,Search_Brand,1525.33,10568.07
2023-01-02,Houston,Search_Generic,966.83,6820.99
2023-01-02,Houston,Facebook,56424.82,7343.91
2023-01-02,Houston,Instagram,26892.7,3883.22
2023-01-02,Houston,YouTube,29158.88,5289.73
2023-01-02,Houston,Display,57475.8,2927.64
2023-01-02,Houston,Email,9457.4,532.96
2023-01-02,Phoenix,TV_National,95.76,25084.02
2023-01-02,Phoenix,Search_Brand,1942.89,11715.84
2023-01-02,Phoenix,Search_Generic,1172.21,9377.44
2023-01-02,Phoenix,Facebook,63794.25,7814.25
2023-01-02,Phoenix,Instagram,43045.96,5153.58
2023-01-02,Phoenix,YouTube,21698.93,3997.36
2023-01-02,Phoenix,Display,72782.92,3749.6
2023-01-02,Phoenix,Email,12303.63,750.45
2023-01-09,New_York,TV_National,29.69,8594.4
2023-01-09,New_York,Search_Brand,842.14,5912.9
2023-01-09,New_York,Search_Generic,399.08,3147.15
2023-01-09,New_York,Facebook,24570.46,3396.55
2023-01-09,New_York,Instagram,14393.11,1914.22
2023-01-09,New_York,YouTube,13239.04,2403.36
2023-01-09,New_York,Display,25789.31,1332.42
2023-01-09,New_York,Email,4823.16,279.17
2023-01-09,Los_Angeles,TV_National,43.69,12767.89
2023-01-09,Los_Angeles,Search_Brand,955.13,6518.69
2023-01-09,Los_Angeles,Search_Generic,505.07,3950.8
2023-01-09,Los_Angeles,Facebook,24982.57,3867.06
2023-01-09,Los_Angeles,Instagram,20687.98,2781.62
2023-01-09,Los_Angeles,YouTube,21989.89,4321.87
2023-01-09,Los_Angeles,Display,42000.27,2115.71
2023-01-09,Los_Angeles,Email,6089.6,305.29
2023-01-09,Chicago,TV_National,66.89,15685.11
2023-01-09,Chicago,Search_Brand,1245.14,8054.37
2023-01-09,Chicago,Search_Generic,733.75,6185.33
2023-01-09,Chicago,Facebook,46413.57,6150.22
2023-01-09,Chicago,Instagram,26634.81,4083.87
2023-01-09,Chicago,YouTube,22233.35,5115.83
2023-01-09,Chicago,Display,70437.39,2829.07
2023-01-09,Chicago,Email,8440.17,446.6
2023-01-09,Houston,TV_National,60.73,19159.16
2023-01-09,Houston,Search_Brand,1204.86,7977.5
2023-01-09,Houston,Search_Generic,900.01,6437.87
2023-01-09,Houston,Facebook,44800.13,5481.11
2023-01-09,Houston,Instagram,27084.59,3915.95
2023-01-09,Houston,YouTube,25139.91,5686.56
2023-01-09,Houston,Display,74190.74,3255.0
2023-01-09,Houston,Email,10071.49,494.36
2023-01-09,Phoenix,TV_National,83.22,23088.5
2023-01-09,Phoenix,Search_Brand,1293.09,9837.49
2023-01-09,Phoenix,Search_Generic,1319.36,9605.66
2023-01-09,Phoenix,Facebook,55693.8,7685.33
2023-01-09,Phoenix,Instagram,34205.95,4678.89
2023-01-09,Phoenix,YouTube,28805.32,6187.66
2023-01-09,Phoenix,Display,102675.6,4896.2
2023-01-09,Phoenix,Email,13221.54,619.07
2023-01-16,New_York,TV_National,27.68,7674.16
2023-01-16,New_York,Search_Brand,778.84,5636.38
2023-01-16,New_York,Search_Generic,570.44,4105.29
2023-01-16,New_York,Facebook,28342.08,3349.32
2023-01-16,New_York,Instagram,13232.89,1997.64
2023-01-16,New_York,YouTube,9551.85,2072.75
2023-01-16,New_York,Display,30282.93,1463.36
2023-01-16,New_York,Email,6704.76,308.62
2023-01-16,Los_Angeles,TV_National,47.17,12237.02
2023-01-16,Los_Angeles,Search_Brand,1232.57,6260.17
2023-01-16,Los_Angeles,Search_Generic,656.69,5365.96
2023-01-16,Los_Angeles,Facebook,25468.09,3466.93
2023-01-16,Los_Angeles,Instagram,21141.15,2755.8
2023-01-16,Los_Angeles,YouTube,17355.34,3496.44
2023-01-16,Los_Angeles,Display,30814.47,1792.72
2023-01-16,Los_Angeles,Email,8295.5,380.73
2023-01-16,Chicago,TV_National,47.24,16051.32
2023-01-16,Chicago,Search_Brand,1326.39,8508.33
2023-01-16,Chicago,Search_Generic,737.33,5445.6
2023-01-16,Chicago,Facebook,32635.79,5226.78
2023-01-16,Chicago,Instagram,28911.79,3826.91
2023-01-16,Chicago,YouTube,27090.88,4876.26
2023-01-16,Chicago,Display,38367.75,2107.0
2023-01-16,Chicago,Email,11785.22,559.75
2023-01-16,Houston,TV_National,99.92,20390.94
2023-01-16,Houston,Search_Brand,1842.82,10966.64
2023-01-16,Houston,Search_Generic,1239.71,8711.49
2023-01-16,Houston,Facebook,45319.51,6001.03
2023-01-16,Houston,Instagram,27359.21,3922.08
2023-01-16,Houston,YouTube,23591.78,4679.88
2023-01-16,Houston,Display,73867.9,4451.64
2023-01-16,Houston,Email,11870.25,697.38
2023-01-16,Phoenix,TV_National,76.89,20688.18
2023-01-16,Phoenix,Search_Brand,1610.41,11957.82
2023-01-16,Phoenix,Search_Generic,1138.63,7978.62
2023-01-16,Phoenix,Facebook,47453.06,6633.85
2023-01-16,Phoenix,Instagram,34912.8,5216.89
2023-01-16,Phoenix,YouTube,43511.18,8167.71
2023-01-16,Phoenix,Display,55656.51,2731.42
2023-01-16,Phoenix,Email,14597.68,670.24
2023-01-23,New_York,TV_National,25.99,7886.74
2023-01-23,New_York,Search_Brand,835.82,5110.01
2023-01-23,New_York,Search_Generic,382.65,2967.52
2023-01-23,New_York,Facebook,18079.61,2757.18
2023-01-23,New_York,Instagram,20089.62,2700.92
2023-01-23,New_York,YouTube,10744.53,1960.45
2023-01-23,New_York,Display,45132.57,2035.26
2023-01-23,New_York,Email,4491.86,235.74
2023-01-23,Los_Angeles,TV_National,45.87,14769.32
2023-01-23,Los_Angeles,Search_Brand,1128.43,6962.09
2023-01-23,Los_Angeles,Search_Generic,563.45,4251.13
2023-01-23,Los_Angeles,Facebook,15818.56,2503.56
2023-01-23,Los_Angeles,Instagram,17299.49,2743.8
2023-01-23,Los_Angeles,YouTube,18030.14,4160.44
2023-01-23,Los_Angeles,Display,38611.7,1905.51
2023-01-23,Los_Angeles,Email,8755.26,505.36
2023-01-23,Chicago,TV_National,61.75,18507.05
2023-01-23,Chicago,Search_Brand,1124.04,7155.22
2023-01-23,Chicago,Search_Generic,804.38,6406.07
2023-01-23,Chicago,Facebook,35265.82,5235.88
2023-01-23,Chicago,Instagram,28155.52,3689.23
2023-01-23,Chicago,YouTube,23230.83,5258.39
2023-01-23,Chicago,Display,58697.45,3567.53
2023-01-23,Chicago,Email,10743.23,506.47
2023-01-23,Houston,TV_National,61.66,19687.46
2023-01-23,Houston,Search_Brand,1393.18,9757.21
2023-01-23,Houston,Search_Generic,1003.2,6911.16
2023-01-23,Houston,Facebook,43353.72,6637.75
2023-01-23,Houston,Instagram,37126.42,5040.4
2023-01-23,Houston,YouTube,30277.58,5686.0
2023-01-23,Houston,Display,52532.85,2777.98
2023-01-23,Houston,Email,14961.78,703.79
2023-01-23,Phoenix,TV_National,74.66,22136.26
2023-01-23,Phoenix,Search_Brand,2028.13,14344.88
2023-01-23,Phoenix,Search_Generic,1259.86,9641.98
2023-01-23,Phoenix,Facebook,55973.34,7164.14
2023-01-23,Phoenix,Instagram,45437.66,5864.27
2023-01-23,Phoenix,YouTube,36087.86,7202.43
2023-01-23,Phoenix,Display,79486.83,4099.58
2023-01-23,Phoenix,Email,15340.52,777.07
2023-01-30,New_York,TV_National,31.88,9012.49
2023-01-30,New_York,Search_Brand,774.79,4190.08
2023-01-30,New_York,Search_Generic,360.79,3055.27
2023-01-30,New_York,Facebook,26688.75,3522.48
2023-01-30,New_York,Instagram,17310.96,2275.94
2023-01-30,New_York,YouTube,10806.86,2364.27
2023-01-30,New_York,Display,27985.56,1497.31
2023-01-30,New_York,Email,6754.16,342.71
2023-01-30,Los_Angeles,TV_National,34.83,10790.76
2023-01-30,Los_Angeles,Search_Brand,982.51,6929.91
2023-01-30,Los_Angeles,Search_Generic,589.99,4318.43
2023-01-30,Los_Angeles,Facebook,28102.65,4223.43
2023-01-30,Los_Angeles,Instagram,19411.97,2655.34
2023-01-30,Los_Angeles,YouTube,11384.33,2620.98
2023-01-30,Los_Angeles,Display,35779.56,1827.57
2023-01-30,Los_Angeles,Email,9887.01,426.54
2023-01-30,Chicago,TV_National,57.99,17678.09
2023-01-30,Chicago,Search_Brand,1121.7,8266.54
2023-01-30,Chicago,Search_Generic,803.19,6200.37
2023-01-30,Chicago,Facebook,35045.94,5438.33
2023-01-30,Chicago,Instagram,32644.58,3920.79
2023-01-30,Chicago,YouTube,21225.78,4078.0
2023-01-30,Chicago,Display,55204.79,2873.24
2023-01-30,Chicago,Email,10730.45,535.85
2023-01-30,Houston,TV_National,59.1,19153.49
2023-01-30,Houston,Search_Brand,1592.94,10103.69
2023-01-30,Houston,Search_Generic,1377.46,9385.95
2023-01-30,Houston,Facebook,56338.25,8690.22
2023-01-30,Houston,Instagram,36519.31,5019.82
2023-01-30,Houston,YouTube,32238.33,6990.47
2023-01-30,Houston,Display,52243.14,2773.52
2023-01-30,Houston,Email,8681.62,457.51
2023-01-30,Phoenix,TV_National,67.05,19815.85
2023-01-30,Phoenix,Search_Brand,2255.8,12466.03
2023-01-30,Phoenix,Search_Generic,1289.21,10243.31
2023-01-30,Phoenix,Facebook,47564.17,6468.72
2023-01-30,Phoenix,Instagram,36462.66,4250.47
2023-01-30,Phoenix,YouTube,33718.03,7067.54
2023-01-30,Phoenix,Display,65545.34,2862.29
2023-01-30,Phoenix,Email,16469.13,727.58
2023-02-06,New_York,TV_National,25.21,8030.31
2023-02-06,New_York,Search_Brand,820.49,5444.28
2023-02-06,New_York,Search_Generic,541.17,3813.65
2023-02-06,New_York,Facebook,19991.45,2896.87
2023-02-06,New_York,Instagram,18223.31,2423.34
2023-02-06,New_York,YouTube,13522.4,3026.4
2023-02-06,New_York,Display,30692.28,1350.55
2023-02-06,New_York,Email,6632.1,357.38
2023-02-06,Los_Angeles,TV_National,59.68,17699.11
2023-02-06,Los_Angeles,Search_Brand,1348.18,8927.42
2023-02-06,Los_Angeles,Search_Generic,1214.45,7642.03
2023-02-06,Los_Angeles,Facebook,34742.09,4503.63
2023-02-06,Los_Angeles,Instagram,29527.93,3605.14
2023-02-06,Los_Angeles,YouTube,17329.15,3236.03
2023-02-06,Los_Angeles,Display,45956.9,2739.69
2023-02-06,Los_Angeles,Email,6385.08,391.47
2023-02-06,Chicago,TV_National,61.39,17143.04
2023-02-06,Chicago,Search_Brand,1802.25,11926.33
2023-02-06,Chicago,Search_Generic,1058.75,9115.76
2023-02-06,Chicago,Facebook,32080.21,4608.41
2023-02-06,Chicago,Instagram,31411.36,4411.99
2023-02-06,Chicago,YouTube,17299.15,3490.8
2023-02-06,Chicago,Display,52314.48,2446.29
2023-02-06,Chicago,Email,11444.85,628.64
2023-02-06,Houston,TV_National,60.17,20067.06
2023-02-06,Houston,Search_Brand,1889.94,11451.82
2023-02-06,Houston,Search_Generic,1048.66,7478.33
2023-02-06,Houston,Facebook,43147.8,6672.59
2023-02-06,Houston,Instagram,32053.5,4976.95
2023-02-06,Houston,YouTube,23594.33,5319.38
2023-02-06,Houston,Display,97355.33,4850.63
2023-02-06,Houston,Email,13291.62,650.51
2023-02-06,Phoenix,TV_National,81.75,25073.94
2023-02-06,Phoenix,Search_Brand,2412.89,14912.43
2023-02-06,Phoenix,Search_Generic,1185.69,9419.79
2023-02-06,Phoenix,Facebook,45355.27,8156.44
2023-02-06,Phoenix,Instagram,38819.12,4740.36
2023-02-06,Phoenix,YouTube,42444.7,8703.0
2023-02-06,Phoenix,Display,95608.32,4633.92
2023-02-06,Phoenix,Email,30174.67,1348.93
2023-02-13,New_York,TV_National,30.31,10006.15
2023-02-13,New_York,Search_Brand,654.45,4275.12
2023-02-13,New_York,Search_Generic,421.27,3642.41
2023-02-13,New_York,Facebook,19385.88,3085.73
2023-02-13,New_York,Instagram,23913.63,3065.38
2023-02-13,New_York,YouTube,15750.44,2716.75
2023-02-13,New_York,Display,31558.32,1719.84
2023-02-13,New_York,Email,9018.54,427.27
2023-02-13,Los_Angeles,TV_National,39.26,12004.18
2023-02-13,Los_Angeles,Search_Brand,856.84,6559.34
2023-02-13,Los_Angeles,Search_Generic,1040.31,6446.11
2023-02-13,Los_Angeles,Facebook,28068.59,3790.3
2023-02-13,Los_Angeles,Instagram,20193.45,2968.21
2023-02-13,Los_Angeles,YouTube,15693.79,3422.0
2023-02-13,Los_Angeles,Display,43336.6,2354.57
2023-02-13,Los_Angeles,Email,9688.32,486.86
2023-02-13,Chicago,TV_National,52.42,17221.55
2023-02-13,Chicago,Search_Brand,1412.41,8730.99
2023-02-13,Chicago,Search_Generic,930.71,7697.15
2023-02-13,Chicago,Facebook,45574.12,6039.32
2023-02-13,Chicago,Instagram,24453.04,3242.37
2023-02-13,Chicago,YouTube,22813.49,4309.64
2023-02-13,Chicago,Display,44300.64,2653.17
2023-02-13,Chicago,Email,9367.21,466.11
2023-02-13,Houston,TV_National,68.63,22536.09
2023-02-13,Houston,Search_Brand,1616.18,12722.09
2023-02-13,Houston,Search_Generic,1014.05,8584.49
2023-02-13,Houston,Facebook,46081.97,6552.01
2023-02-13,Houston,Instagram,30553.14,4445.14
2023-02-13,Houston,YouTube,31724.72,6721.74
2023-02-13,Houston,Display,73150.24,4094.95
2023-02-13,Houston,Email,18071.24,782.26
2023-02-13,Phoenix,TV_National,54.17,17600.58
2023-02-13,Phoenix,Search_Brand,2179.74,14829.68
2023-02-13,Phoenix,Search_Generic,1353.59,10783.96
2023-02-13,Phoenix,Facebook,59346.73,8611.12
2023-02-13,Phoenix,Instagram,51941.26,7089.1
2023-02-13,Phoenix,YouTube,34322.92,7153.22
2023-02-13,Phoenix,Display,75660.37,3950.25
2023-02-13,Phoenix,Email,17292.67,901.81
2023-02-20,New_York,TV_National,43.7,10653.13
2023-02-20,New_York,Search_Brand,900.08,6199.37
2023-02-20,New_York,Search_Generic,625.36,4885.54
2023-02-20,New_York,Facebook,15849.82,2504.42
2023-02-20,New_York,Instagram,12396.86,1797.65
2023-02-20,New_York,YouTube,16126.7,2727.53
2023-02-20,New_York,Display,34935.01,1785.44
2023-02-20,New_York,Email,6173.22,385.04
2023-02-20,Los_Angeles,TV_National,52.31,14529.54
2023-02-20,Los_Angeles,Search_Brand,1007.73,5992.12
2023-02-20,Los_Angeles,Search_Generic,754.95,5902.2
2023-02-20,Los_Angeles,Facebook,45156.12,5140.48
2023-02-20,Los_Angeles,Instagram,24625.17,3363.0
2023-02-20,Los_Angeles,YouTube,16032.77,3490.98
2023-02-20,Los_Angeles,Display,48606.45,2647.54
2023-02-20,Los_Angeles,Email,9010.09,472.55
2023-02-20,Chicago,TV_National,66.1,19179.66
2023-02-20,Chicago,Search_Brand,1585.51,11123.12
2023-02-20,Chicago,Search_Generic,828.99,6856.74
2023-02-20,Chicago,Facebook,40462.98,5566.39
2023-02-20,Chicago,Instagram,30391.44,4665.82
2023-02-20,Chicago,YouTube,31052.84,5423.21
2023-02-20,Chicago,Display,76376.2,3165.34
2023-02-20,Chicago,Email,9355.88,529.8
2023-02-20,Houston,TV_National,64.26,16599.15
2023-02-20,Houston,Search_Brand,1902.23,12752.22
2023-02-20,Houston,Search_Generic,1077.25,9041.85
2023-02-20,Houston,Facebook,73939.14,10427.12
2023-02-20,Houston,Instagram,39486.98,5141.17
2023-02-20,Houston,YouTube,31765.52,6212.45
2023-02-20,Houston,Display,67269.57,3208.58
2023-02-20,Houston,Email,21923.08,958.17
2023-02-20,Phoenix,TV_National,102.57,32383.74
2023-02-20,Phoenix,Search_Brand,1736.6,11723.9
2023-02-20,Phoenix,Search_Generic,1529.99,10285.62
2023-02-20,Phoenix,Facebook,53788.61,6594.24
2023-02-20,Phoenix,Instagram,39770.08,5810.64
2023-02-20,Phoenix,YouTube,24755.79,5842.2
2023-02-20,Phoenix,Display,96878.6,4808.55
2023-02-20,Phoenix,Email,12307.53,700.46
2023-02-27,New_York,TV_National,38.2,9698.97
2023-02-27,New_York,Search_Brand,675.3,5232.24
2023-02-27,New_York,Search_Generic,510.21,3932.34
2023-02-27,New_York,Facebook,15795.47,2268.78
2023-02-27,New_York,Instagram,17605.19,2298.97
2023-02-27,New_York,YouTube,20086.94,3589.36
2023-02-27,New_York,Display,29235.23,1632.8
2023-02-27,New_York,Email,10062.83,500.17
2023-02-27,Los_Angeles,TV_National,46.73,14054.33
2023-02-27,Los_Angeles,Search_Brand,1139.27,7705.59
2023-02-27,Los_Angeles,Search_Generic,649.8,5147.45
2023-02-27,Los_Angeles,Facebook,30842.2,4652.09
2023-02-27,Los_Angeles,Instagram,21229.32,2940.64
2023-02-27,Los_Angeles,YouTube,20919.38,3599.66
2023-02-27,Los_Angeles,Display,35034.02,1570.57
2023-02-27,Los_Angeles,Email,9160.95,563.58
2023-02-27,Chicago,TV_National,54.46,16955.64
2023-02-27,Chicago,Search_Brand,1069.69,7708.07
2023-02-27,Chicago,Search_Generic,960.26,6044.36
2023-02-27,Chicago,Facebook,54424.19,6846.54
2023-02-27,Chicago,Instagram,29611.85,4641.17
2023-02-27,Chicago,YouTube,23102.6,4399.85
2023-02-27,Chicago,Display,53194.61,2476.69
2023-02-27,Chicago,Email,11056.38,573.93
2023-02-27,Houston,TV_National,84.03,24114.26
2023-02-27,Houston,Search_Brand,1844.52,10950.73
2023-02-27,Houston,Search_Generic,1045.4,7372.15
2023-02-27,Houston,Facebook,53595.65,7897.23
2023-02-27,Houston,Instagram,33474.83,5311.06
2023-02-27,Houston,YouTube,32588.37,6639.31
2023-02-27,Houston,Display,74189.66,3340.07
2023-02-27,Houston,Email,11293.15,650.06
2023-02-27,Phoenix,TV_National,71.5,20189.93
2023-02-27,Phoenix,Search_Brand,2006.45,11223.45
2023-02-27,Phoenix,Search_Generic,1179.21,7464.05
2023-02-27,Phoenix,Facebook,60822.37,8773.35
2023-02-27,Phoenix,Instagram,40759.13,5483.01
2023-02-27,Phoenix,YouTube,37752.27,6761.72
2023-02-27,Phoenix,Display,87778.41,4323.45
2023-02-27,Phoenix,Email,16006.21,804.88
2023-03-06,New_York,TV_National,35.31,12567.03
2023-03-06,New_York,Search_Brand,844.74,5228.22
2023-03-06,New_York,Search_Generic,644.64,4924.61
2023-03-06,New_York,Facebook,29070.61,4011.08
2023-03-06,New_York,Instagram,17063.43,2582.24
2023-03-06,New_York,YouTube,14941.29,3295.4
2023-03-06,New_York,Display,35868.48,2126.3
2023-03-06,New_York,Email,9787.19,466.77
2023-03-06,Los_Angeles,TV_National,63.05,17146.0
2023-03-06,Los_Angeles,Search_Brand,1875.53,11297.4
2023-03-06,Los_Angeles,Search_Generic,587.47,5007.51
2023-03-06,Los_Angeles,Facebook,35147.19,5007.94
2023-03-06,Los_Angeles,Instagram,27639.9,4160.86
2023-03-06,Los_Angeles,YouTube,20978.94,4525.01
2023-03-06,Los_Angeles,Display,43594.87,2508.97
2023-03-06,Los_Angeles,Email,8366.55,478.87
2023-03-06,Chicago,TV_National,67.19,18140.4
2023-03-06,Chicago,Search_Brand,1895.76,9713.38
2023-03-06,Chicago,Search_Generic,1228.52,9045.16
2023-03-06,Chicago,Facebook,46205.44,6154.33
2023-03-06,Chicago,Instagram,32498.81,4494.66
2023-03-06,Chicago,YouTube,40715.6,8221.72
2023-03-06,Chicago,Display,77522.53,4158.5
2023-03-06,Chicago,Email,16624.69,696.34
2023-03-06,Houston,TV_National,92.74,23211.16
2023-03-06,Houston,Search_Brand,2144.41,15123.24
2023-03-06,Houston,Search_Generic,1648.06,11214.96
2023-03-06,Houston,Facebook,55825.2,9330.96
2023-03-06,Houston,Instagram,37176.68,5335.17
2023-03-06,Houston,YouTube,35775.48,6724.5
2023-03-06,Houston,Display,76383.9,4364.81
2023-03-06,Houston,Email,19130.84,899.88
2023-03-06,Phoenix,TV_National,121.17,32627.84
2023-03-06,Phoenix,Search_Brand,2847.6,18131.98
2023-03-06,Phoenix,Search_Generic,1340.96,11874.36
2023-03-06,Phoenix,Facebook,76226.31,10665.64
2023-03-06,Phoenix,Instagram,45836.7,7291.05
2023-03-06,Phoenix,YouTube,37789.69,6802.45
2023-03-06,Phoenix,Display,106419.3,4970.42
2023-03-06,Phoenix,Email,20144.99,1004.26
2023-03-13,New_York,TV_National,43.73,13813.54
2023-03-13,New_York,Search_Brand,929.94,6492.94
2023-03-13,New_York,Search_Generic,581.36,4497.14
2023-03-13,New_York,Facebook,27595.42,4135.53
2023-03-13,New_York,Instagram,22079.18,3380.36
2023-03-13,New_York,YouTube,14888.44,3111.55
2023-03-13,New_York,Display,50682.55,2484.8
2023-03-13,New_York,Email,8049.92,466.96
2023-03-13,Los_Angeles,TV_National,62.57,17174.37
2023-03-13,Los_Angeles,Search_Brand,1486.65,8909.29
2023-03-13,Los_Angeles,Search_Generic,937.54,6107.25
2023-03-13,Los_Angeles,Facebook,52415.85,7764.66
2023-03-13,Los_Angeles,Instagram,29746.13,3601.13
2023-03-13,Los_Angeles,YouTube,26461.54,5576.38
2023-03-13,Los_Angeles,Display,50205.61,2582.02
2023-03-13,Los_Angeles,Email,8201.87,449.55
2023-03-13,Chicago,TV_National,55.76,18063.64
2023-03-13,Chicago,Search_Brand,1710.89,11141.88
2023-03-13,Chicago,Search_Generic,1278.99,10599.5
2023-03-13,Chicago,Facebook,55593.69,8113.74
2023-03-13,Chicago,Instagram,37166.6,4863.78
2023-03-13,Chicago,YouTube,24582.56,4732.05
2023-03-13,Chicago,Display,75392.53,3588.49
2023-03-13,Chicago,Email,18689.51,731.03
2023-03-13,Houston,TV_National,73.25,23173.69
2023-03-13,Houston,Search_Brand,1757.57,12386.4
2023-03-13,Houston,Search_Generic,1392.05,9269.97
2023-03-13,Houston,Facebook,69545.23,10518.57
2023-03-13,Houston,Instagram,39322.32,5251.63
2023-03-13,Houston,YouTube,33342.08,6259.43
2023-03-13,Houston,Display,75302.65,4381.35
2023-03-13,Houston,Email,25659.83,1072.09
2023-03-13,Phoenix,TV_National,87.75,27365.39
2023-03-13,Phoenix,Search_Brand,2590.35,16701.0
2023-03-13,Phoenix,Search_Generic,2159.35,13245.9
2023-03-13,Phoenix,Facebook,62936.32,9738.07
2023-03-13,Phoenix,Instagram,37789.53,5691.72
2023-03-13,Phoenix,YouTube,47625.4,7960.35
2023-03-13,Phoenix,Display,94623.64,4626.48
2023-03-13,Phoenix,Email,22468.36,997.54
2023-03-20,New_York,TV_National,55.41,17530.58
2023-03-20,New_York,Search_Brand,990.23,5946.97
2023-03-20,New_York,Search_Generic,852.71,5316.95
2023-03-20,New_York,Facebook,29484.49,4366.16
2023-03-20,New_York,Instagram,24415.08,3059.4
2023-03-20,New_York,YouTube,19037.08,3619.09
2023-03-20,New_York,Display,52763.0,2347.02
2023-03-20,New_York,Email,10502.74,492.15
2023-03-20,Los_Angeles,TV_National,54.43,16091.52
2023-03-20,Los_Angeles,Search_Brand,1457.78,10545.8
2023-03-20,Los_Angeles,Search_Generic,894.16,6975.27
2023-03-20,Los_Angeles,Facebook,43939.56,5523.77
2023-03-20,Los_Angeles,Instagram,28431.41,3961.96
2023-03-20,Los_Angeles,YouTube,19330.6,3588.11
2023-03-20,Los_Angeles,Display,75224.82,3029.58
2023-03-20,Los_Angeles,Email,10736.44,525.19
2023-03-20,Chicago,TV_National,85.08,21800.44
2023-03-20,Chicago,Search_Brand,1703.02,11041.04
2023-03-20,Chicago,Search_Generic,1250.04,9201.96
2023-03-20,Chicago,Facebook,46724.29,6546.6
2023-03-20,Chicago,Instagram,37104.61,5756.21
2023-03-20,Chicago,YouTube,26632.65,5712.82
2023-03-20,Chicago,Display,71911.31,4187.15
2023-03-20,Chicago,Email,13369.02,643.71
2023-03-20,Houston,TV_National,106.79,32249.65
2023-03-20,Houston,Search_Brand,2265.48,12513.27
2023-03-20,Houston,Search_Generic,878.45,8208.63
2023-03-20,Houston,Facebook,60447.37,9079.95
2023-03-20,Houston,Instagram,39140.38,5104.93
2023-03-20,Houston,YouTube,33332.16,7053.28
2023-03-20,Houston,Display,76542.9,3507.39
2023-03-20,Houston,Email,18556.61,937.08
2023-03-20,Phoenix,TV_National,118.53,39574.81
2023-03-20,Phoenix,Search_Brand,1781.49,12727.44
2023-03-20,Phoenix,Search_Generic,1628.24,11918.23
2023-03-20,Phoenix,Facebook,69931.44,9644.61
2023-03-20,Phoenix,Instagram,47878.6,5801.86
2023-03-20,Phoenix,YouTube,44180.63,7902.02
2023-03-20,Phoenix,Display,110195.31,5263.77
2023-03-20,Phoenix,Email,22781.94,1089.22
2023-03-27,New_York,TV_National,50.31,13214.5
2023-03-27,New_York,Search_Brand,1061.37,6591.47
2023-03-27,New_York,Search_Generic,729.25,4735.82
2023-03-27,New_York,Facebook,30290.67,3614.07
2023-03-27,New_York,Instagram,17229.64,2783.18
2023-03-27,New_York,YouTube,15236.58,3262.08
2023-03-27,New_York,Display,42508.91,2268.78
2023-03-27,New_York,Email,6193.87,374.11
2023-03-27,Los_Angeles,TV_National,40.33,15417.67
2023-03-27,Los_Angeles,Search_Brand,1123.09,6939.06
2023-03-27,Los_Angeles,Search_Generic,1033.12,7425.65
2023-03-27,Los_Angeles,Facebook,33143.3,4757.4
2023-03-27,Los_Angeles,Instagram,24478.84,3847.92
2023-03-27,Los_Angeles,YouTube,30092.87,5513.03
2023-03-27,Los_Angeles,Display,53350.17,2660.35
2023-03-27,Los_Angeles,Email,9253.29,567.46
2023-03-27,Chicago,TV_National,63.01,20235.65
2023-03-27,Chicago,Search_Brand,1405.57,9637.59
2023-03-27,Chicago,Search_Generic,1563.72,10999.88
2023-03-27,Chicago,Facebook,47627.09,6425.24
2023-03-27,Chicago,Instagram,47357.0,6044.44
2023-03-27,Chicago,YouTube,26481.74,5650.31
2023-03-27,Chicago,Display,80848.52,3886.45
2023-03-27,Chicago,Email,17062.0,800.6
2023-03-27,Houston,TV_National,94.31,29847.81
2023-03-27,Houston,Search_Brand,2535.32,16571.41
2023-03-27,Houston,Search_Generic,1733.0,13924.88
2023-03-27,Houston,Facebook,78740.84,11028.26
2023-03-27,Houston,Instagram,36722.98,5396.11
2023-03-27,Houston,YouTube,33808.93,6480.97
2023-03-27,Houston,Display,86808.68,4596.73
2023-03-27,Houston,Email,20984.57,846.9
2023-03-27,Phoenix,TV_National,135.36,38874.12
2023-03-27,Phoenix,Search_Brand,2442.87,16091.47
2023-03-27,Phoenix,Search_Generic,1583.68,13156.74
2023-03-27,Phoenix,Facebook,56998.81,9621.29
2023-03-27,Phoenix,Instagram,56634.94,7431.99
2023-03-27,Phoenix,YouTube,43545.23,7440.69
2023-03-27,Phoenix,Display,71870.64,4160.24
2023-03-27,Phoenix,Email,22968.18,1034.24
2023-04-03,New_York,TV_National,56.56,17765.49
2023-04-03,New_York,Search_Brand,1292.9,8652.62
2023-04-03,New_York,Search_Generic,783.45,5378.9
2023-04-03,New_York,Facebook,30331.16,5072.86
2023-04-03,New_York,Instagram,32949.77,4018.31
2023-04-03,New_York,YouTube,17428.32,3350.4
2023-04-03,New_York,Display,50846.6,2476.91
2023-04-03,New_York,Email,7920.83,423.55
2023-04-03,Los_Angeles,TV_National,70.85,18902.41
2023-04-03,Los_Angeles,Search_Brand,1587.04,10979.76
2023-04-03,Los_Angeles,Search_Generic,854.56,8521.45
2023-04-03,Los_Angeles,Facebook,44201.72,7514.43
2023-04-03,Los_Angeles,Instagram,26778.91,4193.22
2023-04-03,Los_Angeles,YouTube,23398.8,4166.87
2023-04-03,Los_Angeles,Display,61043.72,2948.24
2023-04-03,Los_Angeles,Email,13175.03,628.06
2023-04-03,Chicago,TV_National,71.63,24429.9
2023-04-03,Chicago,Search_Brand,2135.33,14956.05
2023-04-03,Chicago,Search_Generic,977.06,7648.48
2023-04-03,Chicago,Facebook,76839.47,10082.35
2023-04-03,Chicago,Instagram,36888.0,5347.88
2023-04-03,Chicago,YouTube,37765.5,6136.68
2023-04-03,Chicago,Display,88992.46,4262.33
2023-04-03,Chicago,Email,19244.8,939.53
2023-04-03,Houston,TV_National,92.2,28207.39
2023-04-03,Houston,Search_Brand,2312.32,15472.92
2023-04-03,Houston,Search_Generic,1753.45,13082.74
2023-04-03,Houston,Facebook,75759.41,10910.48
2023-04-03,Houston,Instagram,40497.54,6923.69
2023-04-03,Houston,YouTube,46442.75,8972.23
2023-04-03,Houston,Display,84986.22,5676.77
2023-04-03,Houston,Email,26371.2,1337.09
2023-04-03,Phoenix,TV_National,122.38,40739.04
2023-04-03,Phoenix,Search_Brand,2723.19,20171.42
2023-04-03,Phoenix,Search_Generic,2029.12,12567.36
2023-04-03,Phoenix,Facebook,79949.73,11175.73
2023-04-03,Phoenix,Instagram,68845.39,9172.25
2023-04-03,Phoenix,YouTube,48798.54,9409.94
2023-04-03,Phoenix,Display,163969.85,8245.87
2023-04-03,Phoenix,Email,26330.41,1185.22
2023-04-10,New_York,TV_National,61.14,16289.12
2023-04-10,New_York,Search_Brand,1083.77,8100.04
2023-04-10,New_York,Search_Generic,838.5,7052.57
2023-04-10,New_York,Facebook,31247.34,4813.63
2023-04-10,New_York,Instagram,23541.14,3189.17
2023-04-10,New_York,YouTube,20140.77,3861.73
2023-04-10,New_York,Display,61316.66,2929.89
2023-04-10,New_York,Email,9766.8,443.46
2023-04-10,Los_Angeles,TV_National,66.87,22681.35
2023-04-10,Los_Angeles,Search_Brand,1780.9,11068.73
2023-04-10,Los_Angeles,Search_Generic,1110.56,7258.67
2023-04-10,Los_Angeles,Facebook,43836.62,6184.23
2023-04-10,Los_Angeles,Instagram,30862.6,4314.04
2023-04-10,Los_Angeles,YouTube,18585.06,4292.74
2023-04-10,Los_Angeles,Display,73815.94,4017.01
2023-04-10,Los_Angeles,Email,8789.95,545.1
2023-04-10,Chicago,TV_National,64.08,21942.82
2023-04-10,Chicago,Search_Brand,2734.2,16477.21
2023-04-10,Chicago,Search_Generic,1455.15,8712.61
2023-04-10,Chicago,Facebook,63203.77,9327.22
2023-04-10,Chicago,Instagram,34788.73,3873.22
2023-04-10,Chicago,YouTube,22175.56,5228.33
2023-04-10,Chicago,Display,119775.36,4692.24
2023-04-10,Chicago,Email,20964.93,990.77
2023-04-10,Houston,TV_National,116.39,32061.42
2023-04-10,Houston,Search_Brand,2703.83,17525.75
2023-04-10,Houston,Search_Generic,1578.72,11914.78
2023-04-10,Houston,Facebook,59416.74,8729.72
2023-04-10,Houston,Instagram,37543.06,5307.97
2023-04-10,Houston,YouTube,30188.92,6742.26
2023-04-10,Houston,Display,115422.3,5021.18
2023-04-10,Houston,Email,19176.25,1121.86
2023-04-10,Phoenix,TV_National,108.91,29740.66
2023-04-10,Phoenix,Search_Brand,2328.9,15878.68
2023-04-10,Phoenix,Search_Generic,1813.83,14986.9
2023-04-10,Phoenix,Facebook,71568.92,11683.22
2023-04-10,Phoenix,Instagram,54247.56,7355.64
2023-04-10,Phoenix,YouTube,37854.12,7244.59
2023-04-10,Phoenix,Display,121174.96,5733.09
2023-04-10,Phoenix,Email,27262.04,1189.28
2023-04-17,New_York,TV_National,44.9,14061.66
2023-04-17,New_York,Search_Brand,1187.22,7496.26
2023-04-17,New_York,Search_Generic,744.43,5560.6
2023-04-17,New_York,Facebook,27122.88,4140.26
2023-04-17,New_York,Instagram,22199.31,2609.06
2023-04-17,New_York,YouTube,14246.06,3053.64
2023-04-17,New_York,Display,45167.27,2065.04
2023-04-17,New_York,Email,9971.54,440.09
2023-04-17,Los_Angeles,TV_National,58.79,17151.72
2023-04-17,Los_Angeles,Search_Brand,1659.65,8928.17
2023-04-17,Los_Angeles,Search_Generic,873.52,6351.51
2023-04-17,Los_Angeles,Facebook,50747.72,6955.81
2023-04-17,Los_Angeles,Instagram,30361.42,4306.14
2023-04-17,Los_Angeles,YouTube,25095.18,5093.36
2023-04-17,Los_Angeles,Display,91170.31,3654.45
2023-04-17,Los_Angeles,Email,10145.73,581.76
2023-04-17,Chicago,TV_National,102.82,23832.31
2023-04-17,Chicago,Search_Brand,2017.62,11417.24
2023-04-17,Chicago,Search_Generic,1567.35,12424.23
2023-04-17,Chicago,Facebook,72223.78,8767.22
2023-04-17,Chicago,Instagram,37258.6,5323.48
2023-04-17,Chicago,YouTube,26661.98,5901.91
2023-04-17,Chicago,Display,64616.61,3651.48
2023-04-17,Chicago,Email,14983.27,809.13
2023-04-17,Houston,TV_National,86.65,30371.61
2023-04-17,Houston,Search_Brand,2679.68,16435.83
2023-04-17,Houston,Search_Generic,1203.93,8697.97
2023-04-17,Houston,Facebook,72888.04,11751.47
2023-04-17,Houston,Instagram,65500.24,8793.73
2023-04-17,Houston,YouTube,34980.61,7035.25
2023-04-17,Houston,Display,107099.98,5314.45
2023-04-17,Houston,Email,19331.22,1059.77
2023-04-17,Phoenix,TV_National,102.41,35387.67
2023-04-17,Phoenix,Search_Brand,2479.75,18095.56
2023-04-17,Phoenix,Search_Generic,1864.6,12358.44
2023-04-17,Phoenix,Facebook,100772.7,13545.35
2023-04-17,Phoenix,Instagram,47289.92,6833.42
2023-04-17,Phoenix,YouTube,55967.87,11036.06
2023-04-17,Phoenix,Display,169383.16,8142.52
2023-04-17,Phoenix,Email,22951.65,1183.61
2023-04-24,New_York,TV_National,46.22,14079.22
2023-04-24,New_York,Search_Brand,1350.97,8184.78
2023-04-24,New_York,Search_Generic,572.61,4906.1
2023-04-24,New_York,Facebook,25721.69,3492.53
2023-04-24,New_York,Instagram,15716.33,2728.84
2023-04-24,New_York,YouTube,25026.55,3900.87
2023-04-24,New_York,Display,49977.85,2297.91
2023-04-24,New_York,Email,9221.97,465.68
2023-04-24,Los_Angeles,TV_National,70.52,21779.82
2023-04-24,Los_Angeles,Search_Brand,1631.78,10534.15
2023-04-24,Los_Angeles,Search_Generic,1010.98,6866.25
2023-04-24,Los_Angeles,Facebook,39988.89,6161.17
2023-04-24,Los_Angeles,Instagram,31330.05,4798.54
2023-04-24,Los_Angeles,YouTube,25384.02,5081.43
2023-04-24,Los_Angeles,Display,78057.78,3721.95
2023-04-24,Los_Angeles,Email,13676.51,630.13
2023-04-24,Chicago,TV_National,104.85,29749.59
2023-04-24,Chicago,Search_Brand,1697.11,12900.02
2023-04-24,Chicago,Search_Generic,1064.82,8233.63
2023-04-24,Chicago,Facebook,50474.0,7346.66
2023-04-24,Chicago,Instagram,42801.65,5683.09
2023-04-24,Chicago,YouTube,33449.67,6372.26
2023-04-24,Chicago,Display,66711.79,4064.12
2023-04-24,Chicago,Email,13784.02,699.2
2023-04-24,Houston,TV_National,86.57,24458.7
2023-04-24,Houston,Search_Brand,3334.09,19676.88
2023-04-24,Houston,Search_Generic,1758.22,11360.4
2023-04-24,Houston,Facebook,67648.81,9995.43
2023-04-24,Houston,Instagram,43250.49,6241.01
2023-04-24,Houston,YouTube,37522.38,7377.67
2023-04-24,Houston,Display,100163.5,5006.65
2023-04-24,Houston,Email,23513.64,1043.71
2023-04-24,Phoenix,TV_National,114.31,39781.12
2023-04-24,Phoenix,Search_Brand,2065.92,12544.25
2023-04-24,Phoenix,Search_Generic,1465.59,11241.78
2023-04-24,Phoenix,Facebook,56404.12,9648.77
2023-04-24,Phoenix,Instagram,67283.83,8731.1
2023-04-24,Phoenix,YouTube,32559.22,8437.84
2023-04-24,Phoenix,Display,110186.66,5297.65
2023-04-24,Phoenix,Email,18765.0,921.2
2023-05-01,New_York,TV_National,53.28,15083.01
2023-05-01,New_York,Search_Brand,1117.13,8208.7
2023-05-01,New_York,Search_Generic,949.62,7235.94
2023-05-01,New_York,Facebook,32000.17,5018.63
2023-05-01,New_York,Instagram,21578.96,3300.54
2023-05-01,New_York,YouTube,23307.53,3928.15
2023-05-01,New_York,Display,34907.34,2050.99
2023-05-01,New_York,Email,12306.7,628.35
2023-05-01,Los_Angeles,TV_National,69.54,18801.91
2023-05-01,Los_Angeles,Search_Brand,1822.76,10123.59
2023-05-01,Los_Angeles,Search_Generic,1168.85,9204.73
2023-05-01,Los_Angeles,Facebook,63095.03,9576.42
2023-05-01,Los_Angeles,Instagram,39900.49,5421.36
2023-05-01,Los_Angeles,YouTube,39386.13,6738.42
2023-05-01,Los_Angeles,Display,64570.07,3481.14
2023-05-01,Los_Angeles,Email,13874.86,742.39
2023-05-01,Chicago,TV_National,120.92,35783.6
2023-05-01,Chicago,Search_Brand,2040.96,13357.45
2023-05-01,Chicago,Search_Generic,1046.09,8646.22
2023-05-01,Chicago,Facebook,69210.46,10558.5
2023-05-01,Chicago,Instagram,39762.96,5275.94
2023-05-01,Chicago,YouTube,45282.22,8428.18
2023-05-01,Chicago,Display,94934.0,5119.87
2023-05-01,Chicago,Email,16558.14,712.49
2023-05-01,Houston,TV_National,99.5,30607.21
2023-05-01,Houston,Search_Brand,3316.01,20910.64
2023-05-01,Houston,Search_Generic,2278.07,13759.51
2023-05-01,Houston,Facebook,74678.45,9723.03
2023-05-01,Houston,Instagram,55471.77,7560.23
2023-05-01,Houston,YouTube,56677.28,10774.17
2023-05-01,Houston,Display,129231.51,5804.44
2023-05-01,Houston,Email,18643.7,1013.79
2023-05-01,Phoenix,TV_National,88.48,32311.88
2023-05-01,Phoenix,Search_Brand,3685.99,27439.37
2023-05-01,Phoenix,Search_Generic,1896.66,14624.2
2023-05-01,Phoenix,Facebook,100197.07,13192.59
2023-05-01,Phoenix,Instagram,67609.28,10033.61
2023-05-01,Phoenix,YouTube,50553.3,9828.95
2023-05-01,Phoenix,Display,142531.08,6068.39
2023-05-01,Phoenix,Email,29189.97,1356.09
2023-05-08,New_York,TV_National,62.59,16698.15
2023-05-08,New_York,Search_Brand,1091.56,8284.7
2023-05-08,New_York,Search_Generic,802.11,6420.71
2023-05-08,New_York,Facebook,34553.45,4655.09
2023-05-08,New_York,Instagram,30403.6,4247.46
2023-05-08,New_York,YouTube,25030.48,4222.53
2023-05-08,New_York,Display,67770.01,2612.27
2023-05-08,New_York,Email,9199.51,548.53
2023-05-08,Los_Angeles,TV_National,80.59,23273.62
2023-05-08,Los_Angeles,Search_Brand,2158.41,13452.62
2023-05-08,Los_Angeles,Search_Generic,960.72,8143.83
2023-05-08,Los_Angeles,Facebook,43172.85,6715.07
2023-05-08,Los_Angeles,Instagram,33680.68,4445.77
2023-05-08,Los_Angeles,YouTube,37038.37,7121.01
2023-05-08,Los_Angeles,Display,60543.98,2895.56
2023-05-08,Los_Angeles,Email,15601.56,829.13
2023-05-08,Chicago,TV_National,86.56,25929.44
2023-05-08,Chicago,Search_Brand,2007.41,12542.69
2023-05-08,Chicago,Search_Generic,1444.98,10392.13
2023-05-08,Chicago,Facebook,51723.37,7719.47
2023-05-08,Chicago,Instagram,47341.2,6879.54
2023-05-08,Chicago,YouTube,43914.5,9141.0
2023-05-08,Chicago,Display,100124.67,4560.47
2023-05-08,Chicago,Email,11955.37,712.86
2023-05-08,Houston,TV_National,96.64,25553.88
2023-05-08,Houston,Search_Brand,3055.52,15772.22
2023-05-08,Houston,Search_Generic,1603.62,11807.2
2023-05-08,Houston,Facebook,115452.72,13495.3
2023-05-08,Houston,Instagram,82312.69,10212.13
2023-05-08,Houston,YouTube,52994.16,9989.07
2023-05-08,Houston,Display,113891.46,6017.26
2023-05-08,Houston,Email,18936.76,947.16
2023-05-08,Phoenix,TV_National,117.36,36841.64
2023-05-08,Phoenix,Search_Brand,3692.92,22376.38
2023-05-08,Phoenix,Search_Generic,2367.84,15319.5
2023-05-08,Phoenix,Facebook,72881.51,10615.24
2023-05-08,Phoenix,Instagram,46936.94,7919.64
2023-05-08,Phoenix,YouTube,49168.92,9954.24
2023-05-08,Phoenix,Display,168380.76,7904.36
2023-05-08,Phoenix,Email,26009.78,1080.4
2023-05-15,New_York,TV_National,64.15,18156.36
2023-05-15,New_York,Search_Brand,1062.07,7793.46
2023-05-15,New_York,Search_Generic,850.2,5718.71
2023-05-15,New_York,Facebook,54607.75,6685.5
2023-05-15,New_York,Instagram,20934.58,3278.06
2023-05-15,New_York,YouTube,17250.42,4117.49
2023-05-15,New_York,Display,52120.24,2644.76
2023-05-15,New_York,Email,8012.68,469.9
2023-05-15,Los_Angeles,TV_National,70.96,22451.54
2023-05-15,Los_Angeles,Search_Brand,1046.95,9301.94
2023-05-15,Los_Angeles,Search_Generic,1318.14,8280.48
2023-05-15,Los_Angeles,Facebook,59447.68,8889.72
2023-05-15,Los_Angeles,Instagram,33171.49,4431.33
2023-05-15,Los_Angeles,YouTube,24592.04,4772.19
2023-05-15,Los_Angeles,Display,87873.44,3886.36
2023-05-15,Los_Angeles,Email,13376.02,682.56
2023-05-15,Chicago,TV_National,71.17,23191.46
2023-05-15,Chicago,Search_Brand,2122.34,13638.56
2023-05-15,Chicago,Search_Generic,1493.33,12136.63
2023-05-15,Chicago,Facebook,75156.32,11031.69
2023-05-15,Chicago,Instagram,40787.71,6153.3
2023-05-15,Chicago,YouTube,26787.41,4904.19
2023-05-15,Chicago,Display,95760.29,4924.63
2023-05-15,Chicago,Email,18758.72,890.77
2023-05-15,Houston,TV_National,80.34,25412.87
2023-05-15,Houston,Search_Brand,2553.89,19301.22
2023-05-15,Houston,Search_Generic,1563.33,13428.52
2023-05-15,Houston,Facebook,80104.79,11484.4
2023-05-15,Houston,Instagram,47212.91,5883.08
2023-05-15,Houston,YouTube,35378.55,7672.89
2023-05-15,Houston,Display,123786.64,5517.71
2023-05-15,Houston,Email,18503.63,919.49
2023-05-15,Phoenix,TV_National,143.99,40305.14
2023-05-15,Phoenix,Search_Brand,2992.75,20697.52
2023-05-15,Phoenix,Search_Generic,1795.78,13352.81
2023-05-15,Phoenix,Facebook,56064.25,10726.56
2023-05-15,Phoenix,Instagram,73615.79,9415.46
2023-05-15,Phoenix,YouTube,31958.1,7070.71
2023-05-15,Phoenix,Display,169822.18,6912.08
2023-05-15,Phoenix,Email,23500.23,1263.74
2023-05-22,New_York,TV_National,56.25,14708.58
2023-05-22,New_York,Search_Brand,1013.41,7318.19
2023-05-22,New_York,Search_Generic,681.76,5624.68
2023-05-22,New_York,Facebook,42268.07,5132.81
2023-05-22,New_York,Instagram,25788.22,3702.62
2023-05-22,New_York,YouTube,16501.59,3858.73
2023-05-22,New_York,Display,57083.85,2876.5
2023-05-22,New_York,Email,13499.32,490.46
2023-05-22,Los_Angeles,TV_National,67.22,21739.53
2023-05-22,Los_Angeles,Search_Brand,1749.77,10399.49
2023-05-22,Los_Angeles,Search_Generic,976.57,8457.21
2023-05-22,Los_Angeles,Facebook,52075.12,7953.34
2023-05-22,Los_Angeles,Instagram,51118.4,6423.91
2023-05-22,Los_Angeles,YouTube,29459.16,5183.42
2023-05-22,Los_Angeles,Display,76229.45,3499.91
2023-05-22,Los_Angeles,Email,13693.6,745.15
2023-05-22,Chicago,TV_National,88.76,24021.49
2023-05-22,Chicago,Search_Brand,1933.19,13418.8
2023-05-22,Chicago,Search_Generic,1275.55,9169.86
2023-05-22,Chicago,Facebook,75596.11,12016.11
2023-05-22,Chicago,Instagram,50966.17,6195.52
2023-05-22,Chicago,YouTube,36468.71,6971.14
2023-05-22,Chicago,Display,78486.45,3759.79
2023-05-22,Chicago,Email,18925.64,857.45
2023-05-22,Houston,TV_National,165.78,38388.02
2023-05-22,Houston,Search_Brand,2896.3,18689.72
2023-05-22,Houston,Search_Generic,1702.82,13230.23
2023-05-22,Houston,Facebook,76567.12,11266.09
2023-05-22,Houston,Instagram,62645.51,7687.68
2023-05-22,Houston,YouTube,41277.85,7366.19
2023-05-22,Houston,Display,128943.03,6523.72
2023-05-22,Houston,Email,14659.84,778.93
2023-05-22,Phoenix,TV_National,152.69,45911.04
2023-05-22,Phoenix,Search_Brand,2474.54,17351.04
2023-05-22,Phoenix,Search_Generic,2415.07,17149.32
2023-05-22,Phoenix,Facebook,82017.45,12154.56
2023-05-22,Phoenix,Instagram,54161.88,8315.37
2023-05-22,Phoenix,YouTube,62172.5,12841.82
2023-05-22,Phoenix,Display,176061.72,7560.75
2023-05-22,Phoenix,Email,28030.02,1463.32
2023-05-29,New_York,TV_National,53.41,16061.5
2023-05-29,New_York,Search_Brand,1090.92,7040.66
2023-05-29,New_York,Search_Generic,760.78,5066.85
2023-05-29,New_York,Facebook,33568.46,4699.99
2023-05-29,New_York,Instagram,25617.97,3680.58
2023-05-29,New_York,YouTube,20990.32,4402.24
2023-05-29,New_York,Display,50195.99,2871.4
2023-05-29,New_York,Email,12469.06,513.57
2023-05-29,Los_Angeles,TV_National,55.73,17890.5
2023-05-29,Los_Angeles,Search_Brand,1828.75,11974.71
2023-05-29,Los_Angeles,Search_Generic,1227.08,8763.74
2023-05-29,Los_Angeles,Facebook,59608.34,7621.06
2023-05-29,Los_Angeles,Instagram,35963.05,5157.77
2023-05-29,Los_Angeles,YouTube,37072.51,6131.56
2023-05-29,Los_Angeles,Display,61617.4,3396.23
2023-05-29,Los_Angeles,Email,16165.48,818.06
2023-05-29,Chicago,TV_National,69.29,19097.95
2023-05-29,Chicago,Search_Brand,1935.57,13021.13
2023-05-29,Chicago,Search_Generic,1511.55,11122.7
2023-05-29,Chicago,Facebook,65736.11,9808.87
2023-05-29,Chicago,Instagram,46400.87,6666.93
2023-05-29,Chicago,YouTube,41909.89,7881.73
2023-05-29,Chicago,Display,85433.36,3832.07
2023-05-29,Chicago,Email,17644.56,813.74
2023-05-29,Houston,TV_National,135.98,33944.63
2023-05-29,Houston,Search_Brand,2399.97,16568.59
2023-05-29,Houston,Search_Generic,1657.34,12812.66
2023-05-29,Houston,Facebook,71901.39,12073.54
2023-05-29,Houston,Instagram,41084.48,6400.0
2023-05-29,Houston,YouTube,58611.27,9879.16
2023-05-29,Houston,Display,103654.24,5270.95
2023-05-29,Houston,Email,24309.52,1082.15
2023-05-29,Phoenix,TV_National,112.27,32886.21
2023-05-29,Phoenix,Search_Brand,3679.65,23332.04
2023-05-29,Phoenix,Search_Generic,2292.18,15553.77
2023-05-29,Phoenix,Facebook,62913.26,8398.55
2023-05-29,Phoenix,Instagram,47551.22,7994.53
2023-05-29,Phoenix,YouTube,62419.94,10881.68
2023-05-29,Phoenix,Display,135747.89,6170.5
2023-05-29,Phoenix,Email,36599.13,1604.48
2023-06-05,New_York,TV_National,71.63,19950.73
2023-06-05,New_York,Search_Brand,1075.37,8414.68
2023-06-05,New_York,Search_Generic,737.01,6013.88
2023-06-05,New_York,Facebook,49532.13,7201.58
2023-06-05,New_York,Instagram,27986.6,3707.9
2023-06-05,New_York,YouTube,24803.84,4187.3
2023-06-05,New_York,Display,48293.99,2368.16
2023-06-05,New_York,Email,8153.38,465.2
2023-06-05,Los_Angeles,TV_National,64.99,19569.25
2023-06-05,Los_Angeles,Search_Brand,1501.34,10726.54
2023-06-05,Los_Angeles,Search_Generic,918.76,6948.23
2023-06-05,Los_Angeles,Facebook,43091.25,5705.35
2023-06-05,Los_Angeles,Instagram,31285.7,5067.28
2023-06-05,Los_Angeles,YouTube,25325.45,5460.76
2023-06-05,Los_Angeles,Display,85765.66,3750.32
2023-06-05,Los_Angeles,Email,10918.8,539.7
2023-06-05,Chicago,TV_National,95.01,26652.07
2023-06-05,Chicago,Search_Brand,2091.62,15033.15
2023-06-05,Chicago,Search_Generic,1281.76,10409.7
2023-06-05,Chicago,Facebook,75017.15,10693.92
2023-06-05,Chicago,Instagram,60149.0,8472.1
2023-06-05,Chicago,YouTube,28132.8,6546.1
2023-06-05,Chicago,Display,59262.4,3471.74
2023-06-05,Chicago,Email,19932.73,947.2
2023-06-05,Houston,TV_National,95.33,26150.39
2023-06-05,Houston,Search_Brand,2503.11,16444.23
2023-06-05,Houston,Search_Generic,2462.97,16887.69
2023-06-05,Houston,Facebook,67961.53,10613.76
2023-06-05,Houston,Instagram,37232.45,5601.21
2023-06-05,Houston,YouTube,38796.78,8564.43
2023-06-05,Houston,Display,109181.56,5417.28
2023-06-05,Houston,Email,20022.35,1068.35
2023-06-05,Phoenix,TV_National,139.36,39999.22
2023-06-05,Phoenix,Search_Brand,3050.69,17661.61
2023-06-05,Phoenix,Search_Generic,2053.33,15371.0
2023-06-05,Phoenix,Facebook,103587.15,14457.04
2023-06-05,Phoenix,Instagram,77174.58,10498.63
2023-06-05,Phoenix,YouTube,49182.04,9487.17
2023-06-05,Phoenix,Display,110700.85,5475.28
2023-06-05,Phoenix,Email,25337.88,1293.54
2023-06-12,New_York,TV_National,42.26,15302.1
2023-06-12,New_York,Search_Brand,1160.11,7662.62
2023-06-12,New_York,Search_Generic,768.96,6391.43
2023-06-12,New_York,Facebook,40358.72,6287.19
2023-06-12,New_York,Instagram,31382.0,4209.75
2023-06-12,New_York,YouTube,22545.83,3775.68
2023-06-12,New_York,Display,47661.01,2173.78
2023-06-12,New_York,Email,11300.32,604.21
2023-06-12,Los_Angeles,TV_National,85.93,26432.5
2023-06-12,Los_Angeles,Search_Brand,1839.2,11946.28
2023-06-12,Los_Angeles,Search_Generic,1215.88,8408.87
2023-06-12,Los_Angeles,Facebook,47332.28,8053.73
2023-06-12,Los_Angeles,Instagram,36816.72,6086.59
2023-06-12,Los_Angeles,YouTube,37373.4,6678.21
2023-06-12,Los_Angeles,Display,58263.22,3035.33
2023-06-12,Los_Angeles,Email,11856.92,605.73
2023-06-12,Chicago,TV_National,93.94,26067.3
2023-06-12,Chicago,Search_Brand,3056.51,17722.31
2023-06-12,Chicago,Search_Generic,1310.55,10036.92
2023-06-12,Chicago,Facebook,45653.57,7069.28
2023-06-12,Chicago,Instagram,61805.87,7361.97
2023-06-12,Chicago,YouTube,28507.58,6049.52
2023-06-12,Chicago,Display,93215.57,4532.01
2023-06-12,Chicago,Email,16816.95,805.94
2023-06-12,Houston,TV_National,102.77,30875.62
2023-06-12,Houston,Search_Brand,2880.31,19189.76
2023-06-12,Houston,Search_Generic,1637.92,12419.83
2023-06-12,Houston,Facebook,73558.8,10904.5
2023-06-12,Houston,Instagram,62359.35,7440.49
2023-06-12,Houston,YouTube,46679.95,9615.97
2023-06-12,Houston,Display,118649.85,6133.87
2023-06-12,Houston,Email,27344.37,1317.6
2023-06-12,Phoenix,TV_National,133.78,38377.31
2023-06-12,Phoenix,Search_Brand,2202.35,16433.49
2023-06-12,Phoenix,Search_Generic,1763.98,13042.09
2023-06-12,Phoenix,Facebook,147505.69,16858.02
2023-06-12,Phoenix,Instagram,75202.12,10013.98
2023-06-12,Phoenix,YouTube,37592.99,7937.89
2023-06-12,Phoenix,Display,108557.73,5775.56
2023-06-12,Phoenix,Email,24183.39,1267.62
2023-06-19,New_York,TV_National,41.64,11592.7
2023-06-19,New_York,Search_Brand,1088.23,7083.38
2023-06-19,New_York,Search_Generic,1035.88,8517.24
2023-06-19,New_York,Facebook,24201.76,3557.7
2023-06-19,New_York,Instagram,37303.06,4293.61
2023-06-19,New_York,YouTube,18177.61,3459.36
2023-06-19,New_York,Display,47983.27,2424.72
2023-06-19,New_York,Email,13305.27,773.16
2023-06-19,Los_Angeles,TV_National,77.83,22282.14
2023-06-19,Los_Angeles,Search_Brand,2039.41,13463.52
2023-06-19,Los_Angeles,Search_Generic,1152.09,8985.76
2023-06-19,Los_Angeles,Facebook,50353.71,7444.54
2023-06-19,Los_Angeles,Instagram,37819.51,5494.09
2023-06-19,Los_Angeles,YouTube,30175.96,6052.88
2023-06-19,Los_Angeles,Display,84222.8,4232.84
2023-06-19,Los_Angeles,Email,12434.77,548.03
2023-06-19,Chicago,TV_National,74.41,23831.94
2023-06-19,Chicago,Search_Brand,2291.61,13315.5
2023-06-19,Chicago,Search_Generic,1446.46,7926.76
2023-06-19,Chicago,Facebook,76318.62,10661.97
2023-06-19,Chicago,Instagram,46434.08,6317.76
2023-06-19,Chicago,YouTube,41982.74,7871.9
2023-06-19,Chicago,Display,99799.01,4945.45
2023-06-19,Chicago,Email,17403.89,883.46
2023-06-19,Houston,TV_National,120.2,32194.85
2023-06-19,Houston,Search_Brand,2160.43,19326.31
2023-06-19,Houston,Search_Generic,1989.15,14630.92
2023-06-19,Houston,Facebook,74193.94,11019.03
2023-06-19,Houston,Instagram,71897.24,9155.66
2023-06-19,Houston,YouTube,40996.98,7872.34
2023-06-19,Houston,Display,83204.81,4775.67
2023-06-19,Houston,Email,21928.99,1005.85
2023-06-19,Phoenix,TV_National,157.88,44994.06
2023-06-19,Phoenix,Search_Brand,3662.75,23189.91
2023-06-19,Phoenix,Search_Generic,1972.57,14168.89
2023-06-19,Phoenix,Facebook,110647.57,14658.36
2023-06-19,Phoenix,Instagram,83392.19,10876.58
2023-06-19,Phoenix,YouTube,61006.23,10962.97
2023-06-19,Phoenix,Display,118554.03,6474.19
2023-06-19,Phoenix,Email,23550.48,1268.59
2023-06-26,New_York,TV_National,46.32,14097.45
2023-06-26,New_York,Search_Brand,1074.53,7387.57
2023-06-26,New_York,Search_Generic,639.78,4697.07
2023-06-26,New_York,Facebook,33550.13,5200.94
2023-06-26,New_York,Instagram,31523.72,4018.35
2023-06-26,New_York,YouTube,15143.12,3268.66
2023-06-26,New_York,Display,42177.3,2316.69
2023-06-26,New_York,Email,11551.84,588.9
2023-06-26,Los_Angeles,TV_National,56.24,20615.59
2023-06-26,Los_Angeles,Search_Brand,1667.6,12584.03
2023-06-26,Los_Angeles,Search_Generic,1186.8,8657.48
2023-06-26,Los_Angeles,Facebook,53851.98,8768.9
2023-06-26,Los_Angeles,Instagram,23150.32,3182.0
2023-06-26,Los_Angeles,YouTube,42409.74,7493.57
2023-06-26,Los_Angeles,Display,70244.55,3689.22
2023-06-26,Los_Angeles,Email,14643.16,807.02
2023-06-26,Chicago,TV_National,102.81,29322.07
2023-06-26,Chicago,Search_Brand,3374.19,17069.78
2023-06-26,Chicago,Search_Generic,1467.64,11582.07
2023-06-26,Chicago,Facebook,53167.16,9065.16
2023-06-26,Chicago,Instagram,39353.19,5739.62
2023-06-26,Chicago,YouTube,34164.63,6729.61
2023-06-26,Chicago,Display,89981.09,4021.94
2023-06-26,Chicago,Email,18183.65,910.03
2023-06-26,Houston,TV_National,106.84,31558.99
2023-06-26,Houston,Search_Brand,2752.1,20009.33
2023-06-26,Houston,Search_Generic,1553.89,12013.54
2023-06-26,Houston,Facebook,58237.77,9029.98
2023-06-26,Houston,Instagram,56141.43,7201.74
2023-06-26,Houston,YouTube,46874.23,9195.1
2023-06-26,Houston,Display,123830.42,6277.16
2023-06-26,Houston,Email,23192.41,1171.65
2023-06-26,Phoenix,TV_National,127.62,40583.68
2023-06-26,Phoenix,Search_Brand,2135.25,14427.42
2023-06-26,Phoenix,Search_Generic,2824.7,19311.16
2023-06-26,Phoenix,Facebook,119018.89,15025.65
2023-06-26,Phoenix,Instagram,67182.81,9221.83
2023-06-26,Phoenix,YouTube,45924.04,9479.75
2023-06-26,Phoenix,Display,160820.46,7128.98
2023-06-26,Phoenix,Email,24340.96,1273.09
2023-07-03,New_York,TV_National,53.52,15118.89
2023-07-03,New_York,Search_Brand,774.1,6492.7
2023-07-03,New_York,Search_Generic,657.06,5567.77
2023-07-03,New_York,Facebook,32206.38,4669.41
2023-07-03,New_York,Instagram,27219.97,3295.61
2023-07-03,New_York,YouTube,21815.2,4233.89
2023-07-03,New_York,Display,49367.2,2766.1
2023-07-03,New_York,Email,11689.5,588.92
2023-07-03,Los_Angeles,TV_National,68.83,22986.14
2023-07-03,Los_Angeles,Search_Brand,1429.49,8781.5
2023-07-03,Los_Angeles,Search_Generic,1071.85,8797.7
2023-07-03,Los_Angeles,Facebook,47641.84,6081.54
2023-07-03,Los_Angeles,Instagram,34158.13,4057.72
2023-07-03,Los_Angeles,YouTube,25809.63,4842.69
2023-07-03,Los_Angeles,Display,70057.63,3297.84
2023-07-03,Los_Angeles,Email,12565.54,638.59
2023-07-03,Chicago,TV_National,80.27,26618.84
2023-07-03,Chicago,Search_Brand,2246.91,15768.22
2023-07-03,Chicago,Search_Generic,1234.37,10225.67
2023-07-03,Chicago,Facebook,41236.61,6004.56
2023-07-03,Chicago,Instagram,68488.09,8864.78
2023-07-03,Chicago,YouTube,34260.24,7034.57
2023-07-03,Chicago,Display,93460.24,4424.21
2023-07-03,Chicago,Email,16515.95,738.72
2023-07-03,Houston,TV_National,128.09,35764.1
2023-07-03,Houston,Search_Brand,2750.11,18298.15
2023-07-03,Houston,Search_Generic,2010.84,14214.69
2023-07-03,Houston,Facebook,67119.13,10154.52
2023-07-03,Houston,Instagram,63474.84,7611.26
2023-07-03,Houston,YouTube,30713.46,7113.65
2023-07-03,Houston,Display,110323.08,5488.16
2023-07-03,Houston,Email,22523.72,1099.04
2023-07-03,Phoenix,TV_National,141.41,36549.81
2023-07-03,Phoenix,Search_Brand,2188.99,15853.85
2023-07-03,Phoenix,Search_Generic,1683.97,14885.35
2023-07-03,Phoenix,Facebook,101415.21,12270.11
2023-07-03,Phoenix,Instagram,64662.74,8846.33
2023-07-03,Phoenix,YouTube,39219.64,8342.61
2023-07-03,Phoenix,Display,115362.37,5954.32
2023-07-03,Phoenix,Email,32288.37,1526.85
2023-07-10,New_York,TV_National,43.72,12796.18
2023-07-10,New_York,Search_Brand,1460.66,8688.41
2023-07-10,New_York,Search_Generic,923.34,7664.94
2023-07-10,New_York,Facebook,27543.79,4462.12
2023-07-10,New_York,Instagram,25488.42,3405.79
2023-07-10,New_York,YouTube,23197.69,4674.91
2023-07-10,New_York,Display,48766.19,2401.59
2023-07-10,New_York,Email,10958.14,444.59
2023-07-10,Los_Angeles,TV_National,55.46,16332.72
2023-07-10,Los_Angeles,Search_Brand,2254.24,15018.03
2023-07-10,Los_Angeles,Search_Generic,1039.64,8081.06
2023-07-10,Los_Angeles,Facebook,54154.62,6743.97
2023-07-10,Los_Angeles,Instagram,28982.99,3480.77
2023-07-10,Los_Angeles,YouTube,21796.35,4477.08
2023-07-10,Los_Angeles,Display,68907.21,3248.43
2023-07-10,Los_Angeles,Email,11419.85,545.2
2023-07-10,Chicago,TV_National,104.25,35842.27
2023-07-10,Chicago,Search_Brand,2038.08,14517.12
2023-07-10,Chicago,Search_Generic,1506.95,11280.48
2023-07-10,Chicago,Facebook,58870.7,8009.64
2023-07-10,Chicago,Instagram,56705.37,8091.76
2023-07-10,Chicago,YouTube,34529.01,7859.24
2023-07-10,Chicago,Display,80096.28,3820.02
2023-07-10,Chicago,Email,22832.73,1101.75
2023-07-10,Houston,TV_National,102.16,30651.41
2023-07-10,Houston,Search_Brand,2263.24,14203.21
2023-07-10,Houston,Search_Generic,1869.34,14668.42
2023-07-10,Houston,Facebook,71737.73,9979.36
2023-07-10,Houston,Instagram,49816.28,7020.56
2023-07-10,Houston,YouTube,57258.45,11738.1
2023-07-10,Houston,Display,95116.75,5073.99
2023-07-10,Houston,Email,23515.95,1197.3
2023-07-10,Phoenix,TV_National,130.43,34286.46
2023-07-10,Phoenix,Search_Brand,3523.05,24940.38
2023-07-10,Phoenix,Search_Generic,1684.95,11425.92
2023-07-10,Phoenix,Facebook,86126.95,11368.54
2023-07-10,Phoenix,Instagram,51250.54,6562.38
2023-07-10,Phoenix,YouTube,45206.42,8404.14
2023-07-10,Phoenix,Display,114763.81,6312.54
2023-07-10,Phoenix,Email,25387.77,1185.19
2023-07-17,New_York,TV_National,54.28,15359.74
2023-07-17,New_York,Search_Brand,1391.22,10845.21
2023-07-17,New_York,Search_Generic,1038.41,7707.21
2023-07-17,New_York,Facebook,26985.9,4403.66
2023-07-17,New_York,Instagram,26855.97,3428.8
2023-07-17,New_York,YouTube,23000.84,3954.99
2023-07-17,New_York,Display,40485.88,2026.74
2023-07-17,New_York,Email,8661.65,417.62
2023-07-17,Los_Angeles,TV_National,75.89,23744.54
2023-07-17,Los_Angeles,Search_Brand,1147.81,7501.32
2023-07-17,Los_Angeles,Search_Generic,1232.53,8877.67
2023-07-17,Los_Angeles,Facebook,52450.99,8340.09
2023-07-17,Los_Angeles,Instagram,43225.4,5371.27
2023-07-17,Los_Angeles,YouTube,21915.16,4245.14
2023-07-17,Los_Angeles,Display,63720.92,3212.13
2023-07-17,Los_Angeles,Email,13905.48,729.99
2023-07-17,Chicago,TV_National,79.96,23905.9
2023-07-17,Chicago,Search_Brand,1612.98,11986.56
2023-07-17,Chicago,Search_Generic,1392.8,11717.66
2023-07-17,Chicago,Facebook,71449.1,9745.6
2023-07-17,Chicago,Instagram,31806.78,4765.12
2023-07-17,Chicago,YouTube,38250.76,8438.82
2023-07-17,Chicago,Display,86142.23,4112.62
2023-07-17,Chicago,Email,19343.78,991.83
2023-07-17,Houston,TV_National,112.87,29371.09
2023-07-17,Houston,Search_Brand,3678.96,22239.36
2023-07-17,Houston,Search_Generic,1600.66,13015.55
2023-07-17,Houston,Facebook,69729.26,9454.19
2023-07-17,Houston,Instagram,65587.34,7981.37
2023-07-17,Houston,YouTube,40632.94,9444.66
2023-07-17,Houston,Display,113476.57,6269.33
2023-07-17,Houston,Email,20730.31,1010.9
2023-07-17,Phoenix,TV_National,231.94,50983.73
2023-07-17,Phoenix,Search_Brand,3251.5,22077.44
2023-07-17,Phoenix,Search_Generic,2386.68,16379.68
2023-07-17,Phoenix,Facebook,100572.14,12006.45
2023-07-17,Phoenix,Instagram,68529.68,9128.3
2023-07-17,Phoenix,YouTube,58083.74,11137.18
2023-07-17,Phoenix,Display,134322.68,7143.75
2023-07-17,Phoenix,Email,20757.98,1158.6
2023-07-24,New_York,TV_National,58.19,16147.91
2023-07-24,New_York,Search_Brand,1531.51,8635.86
2023-07-24,New_York,Search_Generic,861.32,6042.0
2023-07-24,New_York,Facebook,28809.31,4278.05
2023-07-24,New_York,Instagram,30445.32,3915.37
2023-07-24,New_York,YouTube,19149.81,3857.48
2023-07-24,New_York,Display,38723.8,2006.57
2023-07-24,New_York,Email,12200.52,575.93
2023-07-24,Los_Angeles,TV_National,75.07,22408.03
2023-07-24,Los_Angeles,Search_Brand,1558.34,11098.06
2023-07-24,Los_Angeles,Search_Generic,1284.09,9233.64
2023-07-24,Los_Angeles,Facebook,49541.79,7459.66
2023-07-24,Los_Angeles,Instagram,27990.32,3511.46
2023-07-24,Los_Angeles,YouTube,23662.66,5158.98
2023-07-24,Los_Angeles,Display,73929.56,3844.26
2023-07-24,Los_Angeles,Email,17279.92,812.3
2023-07-24,Chicago,TV_National,85.23,29312.58
2023-07-24,Chicago,Search_Brand,2605.62,16922.84
2023-07-24,Chicago,Search_Generic,1354.23,10012.15
2023-07-24,Chicago,Facebook,49264.77,6756.02
2023-07-24,Chicago,Instagram,33004.18,5289.84
2023-07-24,Chicago,YouTube,31377.11,5614.61
2023-07-24,Chicago,Display,93544.53,4012.17
2023-07-24,Chicago,Email,13720.76,813.76
2023-07-24,Houston,TV_National,102.48,27171.23
2023-07-24,Houston,Search_Brand,2376.66,16737.37
2023-07-24,Houston,Search_Generic,1845.27,13162.21
2023-07-24,Houston,Facebook,102452.07,12662.38
2023-07-24,Houston,Instagram,44429.03,7102.06
2023-07-24,Houston,YouTube,41319.22,8051.53
2023-07-24,Houston,Display,84211.49,4633.51
2023-07-24,Houston,Email,22440.68,1127.51
2023-07-24,Phoenix,TV_National,117.35,37980.62
2023-07-24,Phoenix,Search_Brand,2662.98,19472.2
2023-07-24,Phoenix,Search_Generic,2554.91,17277.33
2023-07-24,Phoenix,Facebook,60920.82,9550.71
2023-07-24,Phoenix,Instagram,47157.84,7045.5
2023-07-24,Phoenix,YouTube,43049.83,9953.11
2023-07-24,Phoenix,Display,99231.4,5485.55
2023-07-24,Phoenix,Email,26172.67,1299.59
2023-07-31,New_York,TV_National,46.03,13566.52
2023-07-31,New_York,Search_Brand,1084.34,7427.99
2023-07-31,New_York,Search_Generic,1184.99,7772.51
2023-07-31,New_York,Facebook,31538.2,4146.71
2023-07-31,New_York,Instagram,25370.18,3984.01
2023-07-31,New_York,YouTube,26579.96,4558.19
2023-07-31,New_York,Display,38849.94,2129.15
2023-07-31,New_York,Email,12063.68,587.03
2023-07-31,Los_Angeles,TV_National,77.87,22579.46
2023-07-31,Los_Angeles,Search_Brand,1544.26,11755.43
2023-07-31,Los_Angeles,Search_Generic,1458.17,9729.15
2023-07-31,Los_Angeles,Facebook,46658.77,6694.58
2023-07-31,Los_Angeles,Instagram,28988.65,3854.98
2023-07-31,Los_Angeles,YouTube,30011.81,6039.81
2023-07-31,Los_Angeles,Display,79323.74,4100.93
2023-07-31,Los_Angeles,Email,13620.54,754.13
2023-07-31,Chicago,TV_National,86.36,26362.66
2023-07-31,Chicago,Search_Brand,2109.81,14594.85
2023-07-31,Chicago,Search_Generic,1502.56,10375.73
2023-07-31,Chicago,Facebook,49235.11,8259.42
2023-07-31,Chicago,Instagram,65817.78,8025.56
2023-07-31,Chicago,YouTube,31133.83,5811.78
2023-07-31,Chicago,Display,83961.37,4088.9
2023-07-31,Chicago,Email,18006.07,921.66
2023-07-31,Houston,TV_National,88.85,28561.87
2023-07-31,Houston,Search_Brand,2061.22,14933.4
2023-07-31,Houston,Search_Generic,1579.0,12721.2
2023-07-31,Houston,Facebook,96348.11,11861.92
2023-07-31,Houston,Instagram,50269.35,6871.22
2023-07-31,Houston,YouTube,48398.68,9233.47
2023-07-31,Houston,Display,116660.94,5415.53
2023-07-31,Houston,Email,20343.13,1151.17
2023-07-31,Phoenix,TV_National,156.84,43057.22
2023-07-31,Phoenix,Search_Brand,2706.7,17976.31
2023-07-31,Phoenix,Search_Generic,2187.0,16749.44
2023-07-31,Phoenix,Facebook,131208.57,14797.98
2023-07-31,Phoenix,Instagram,48763.38,7837.9
2023-07-31,Phoenix,YouTube,56688.28,10548.39
2023-07-31,Phoenix,Display,140727.49,6084.64
2023-07-31,Phoenix,Email,22091.49,1030.63
2023-08-07,New_York,TV_National,49.88,12601.17
2023-08-07,New_York,Search_Brand,1378.71,9923.81
2023-08-07,New_York,Search_Generic,738.6,5083.22
2023-08-07,New_York,Facebook,30245.75,4340.49
2023-08-07,New_York,Instagram,19055.11,3232.29
2023-08-07,New_York,YouTube,17138.07,3672.37
2023-08-07,New_York,Display,49354.86,2136.01
2023-08-07,New_York,Email,8265.15,380.98
2023-08-07,Los_Angeles,TV_National,58.98,18197.38
2023-08-07,Los_Angeles,Search_Brand,1768.19,11393.8
2023-08-07,Los_Angeles,Search_Generic,1214.51,8268.26
2023-08-07,Los_Angeles,Facebook,39626.59,6018.35
2023-08-07,Los_Angeles,Instagram,24745.27,3762.42
2023-08-07,Los_Angeles,YouTube,44595.66,7875.3
2023-08-07,Los_Angeles,Display,45249.34,2582.35
2023-08-07,Los_Angeles,Email,14363.12,679.91
2023-08-07,Chicago,TV_National,85.21,26222.48
2023-08-07,Chicago,Search_Brand,1959.18,12639.89
2023-08-07,Chicago,Search_Generic,1045.03,9785.26
2023-08-07,Chicago,Facebook,49997.43,7777.24
2023-08-07,Chicago,Instagram,55696.52,5785.06
2023-08-07,Chicago,YouTube,32974.54,6804.95
2023-08-07,Chicago,Display,97008.27,4621.85
2023-08-07,Chicago,Email,18219.97,857.36
2023-08-07,Houston,TV_National,118.84,39921.78
2023-08-07,Houston,Search_Brand,2295.89,16791.56
2023-08-07,Houston,Search_Generic,1550.7,12749.3
2023-08-07,Houston,Facebook,62403.68,9181.8
2023-08-07,Houston,Instagram,62021.68,7921.07
2023-08-07,Houston,YouTube,32614.54,6487.17
2023-08-07,Houston,Display,77488.2,4394.02
2023-08-07,Houston,Email,18348.99,946.19
2023-08-07,Phoenix,TV_National,172.82,49648.43
2023-08-07,Phoenix,Search_Brand,2121.47,14964.91
2023-08-07,Phoenix,Search_Generic,2642.74,16084.82
2023-08-07,Phoenix,Facebook,52581.65,9065.26
2023-08-07,Phoenix,Instagram,79153.67,10658.06
2023-08-07,Phoenix,YouTube,42600.26,8076.51
2023-08-07,Phoenix,Display,77471.3,3872.26
2023-08-07,Phoenix,Email,26498.67,1207.96
2023-08-14,New_York,TV_National,39.85,11853.04
2023-08-14,New_York,Search_Brand,985.77,6406.07
2023-08-14,New_York,Search_Generic,617.77,4826.28
2023-08-14,New_York,Facebook,29598.03,3961.74
2023-08-14,New_York,Instagram,25554.15,3662.51
2023-08-14,New_York,YouTube,16010.22,3701.17
2023-08-14,New_York,Display,43757.78,2198.9
2023-08-14,New_York,Email,12196.22,681.53
2023-08-14,Los_Angeles,TV_National,87.04,23635.48
2023-08-14,Los_Angeles,Search_Brand,1887.68,10555.1
2023-08-14,Los_Angeles,Search_Generic,1112.56,8025.69
2023-08-14,Los_Angeles,Facebook,49640.6,6274.8
2023-08-14,Los_Angeles,Instagram,35017.59,5219.0
2023-08-14,Los_Angeles,YouTube,20340.61,4151.54
2023-08-14,Los_Angeles,Display,55742.17,2804.87
2023-08-14,Los_Angeles,Email,14549.3,761.5
2023-08-14,Chicago,TV_National,80.45,23995.37
2023-08-14,Chicago,Search_Brand,1752.65,14628.04
2023-08-14,Chicago,Search_Generic,1201.07,8819.71
2023-08-14,Chicago,Facebook,64225.73,9637.71
2023-08-14,Chicago,Instagram,32317.16,4252.53
2023-08-14,Chicago,YouTube,25989.57,5854.58
2023-08-14,Chicago,Display,71963.05,3665.16
2023-08-14,Chicago,Email,11793.53,735.19
2023-08-14,Houston,TV_National,127.03,33548.77
2023-08-14,Houston,Search_Brand,2308.67,17245.65
2023-08-14,Houston,Search_Generic,1516.45,11380.78
2023-08-14,Houston,Facebook,80029.19,10693.62
2023-08-14,Houston,Instagram,44138.81,6128.97
2023-08-14,Houston,YouTube,48438.59,8375.21
2023-08-14,Houston,Display,117565.41,5432.27
2023-08-14,Houston,Email,22796.23,989.87
2023-08-14,Phoenix,TV_National,112.2,36687.05
2023-08-14,Phoenix,Search_Brand,3652.92,22711.15
2023-08-14,Phoenix,Search_Generic,1641.09,12912.71
2023-08-14,Phoenix,Facebook,88151.95,12023.14
2023-08-14,Phoenix,Instagram,61099.86,8291.79
2023-08-14,Phoenix,YouTube,66074.92,11872.17
2023-08-14,Phoenix,Display,130016.13,5916.8
2023-08-14,Phoenix,Email,20499.66,985.0
2023-08-21,New_York,TV_National,59.04,18102.76
2023-08-21,New_York,Search_Brand,910.82,6481.26
2023-08-21,New_York,Search_Generic,577.85,4687.66
2023-08-21,New_York,Facebook,26465.28,4351.32
2023-08-21,New_York,Instagram,25230.78,3227.55
2023-08-21,New_York,YouTube,18692.37,3211.54
2023-08-21,New_York,Display,55054.21,2483.15
2023-08-21,New_York,Email,9079.15,416.78
2023-08-21,Los_Angeles,TV_National,58.69,16108.26
2023-08-21,Los_Angeles,Search_Brand,1646.24,10384.24
2023-08-21,Los_Angeles,Search_Generic,775.76,6362.95
2023-08-21,Los_Angeles,Facebook,44043.14,6917.78
2023-08-21,Los_Angeles,Instagram,29568.66,4746.07
2023-08-21,Los_Angeles,YouTube,25400.74,5746.51
2023-08-21,Los_Angeles,Display,73149.35,3435.66
2023-08-21,Los_Angeles,Email,12077.5,569.73
2023-08-21,Chicago,TV_National,79.32,25112.12
2023-08-21,Chicago,Search_Brand,1364.8,11071.7
2023-08-21,Chicago,Search_Generic,1160.74,10180.16
2023-08-21,Chicago,Facebook,55675.44,8165.96
2023-08-21,Chicago,Instagram,43240.47,6239.3
2023-08-21,Chicago,YouTube,32974.56,6129.49
2023-08-21,Chicago,Display,87368.21,4232.46
2023-08-21,Chicago,Email,14815.18,863.71
2023-08-21,Houston,TV_National,116.42,32850.23
2023-08-21,Houston,Search_Brand,1965.61,13427.83
2023-08-21,Houston,Search_Generic,1534.03,11661.04
2023-08-21,Houston,Facebook,83009.41,10276.99
2023-08-21,Houston,Instagram,50416.03,8047.96
2023-08-21,Houston,YouTube,49024.8,8584.82
2023-08-21,Houston,Display,115530.26,5179.47
2023-08-21,Houston,Email,29288.26,1321.92
2023-08-21,Phoenix,TV_National,132.53,35814.6
2023-08-21,Phoenix,Search_Brand,2827.39,18804.27
2023-08-21,Phoenix,Search_Generic,2040.91,13091.41
2023-08-21,Phoenix,Facebook,82990.79,10171.43
2023-08-21,Phoenix,Instagram,53884.02,8676.79
2023-08-21,Phoenix,YouTube,39400.8,9721.61
2023-08-21,Phoenix,Display,138003.84,6315.62
2023-08-21,Phoenix,Email,21306.15,1052.23
2023-08-28,New_York,TV_National,58.63,18500.4
2023-08-28,New_York,Search_Brand,1092.28,6279.08
2023-08-28,New_York,Search_Generic,988.3,7409.52
2023-08-28,New_York,Facebook,42855.48,5353.63
2023-08-28,New_York,Instagram,19601.2,2880.63
2023-08-28,New_York,YouTube,26192.77,4426.21
2023-08-28,New_York,Display,45837.02,2502.63
2023-08-28,New_York,Email,11753.67,619.73
2023-08-28,Los_Angeles,TV_National,62.24,18044.69
2023-08-28,Los_Angeles,Search_Brand,2087.39,12776.89
2023-08-28,Los_Angeles,Search_Generic,1128.05,8077.33
2023-08-28,Los_Angeles,Facebook,47123.01,6366.42
2023-08-28,Los_Angeles,Instagram,21006.95,3029.51
2023-08-28,Los_Angeles,YouTube,23380.48,5246.52
2023-08-28,Los_Angeles,Display,65667.0,3351.18
2023-08-28,Los_Angeles,Email,19264.82,823.04
2023-08-28,Chicago,TV_National,73.94,22520.22
2023-08-28,Chicago,Search_Brand,1826.31,12737.92
2023-08-28,Chicago,Search_Generic,1229.39,9946.77
2023-08-28,Chicago,Facebook,50615.66,6794.27
2023-08-28,Chicago,Instagram,40817.38,6193.04
2023-08-28,Chicago,YouTube,34574.35,7365.68
2023-08-28,Chicago,Display,90764.33,4180.79
2023-08-28,Chicago,Email,16764.3,800.95
2023-08-28,Houston,TV_National,88.7,27139.11
2023-08-28,Houston,Search_Brand,2111.03,15164.43
2023-08-28,Houston,Search_Generic,1304.56,11423.05
2023-08-28,Houston,Facebook,61779.87,9080.73
2023-08-28,Houston,Instagram,45910.29,6584.55
2023-08-28,Houston,YouTube,40642.0,7747.89
2023-08-28,Houston,Display,104440.16,5572.58
2023-08-28,Houston,Email,14706.52,816.08
2023-08-28,Phoenix,TV_National,103.2,32068.65
2023-08-28,Phoenix,Search_Brand,2160.02,16392.95
2023-08-28,Phoenix,Search_Generic,1749.78,12887.4
2023-08-28,Phoenix,Facebook,83243.44,12573.63
2023-08-28,Phoenix,Instagram,49262.61,7566.44
2023-08-28,Phoenix,YouTube,42059.39,9156.72
2023-08-28,Phoenix,Display,104827.34,6266.19
2023-08-28,Phoenix,Email,22458.31,1089.61
2023-09-04,New_York,TV_National,53.83,12335.51
2023-09-04,New_York,Search_Brand,915.07,6744.77
2023-09-04,New_York,Search_Generic,528.23,4731.76
2023-09-04,New_York,Facebook,25452.37,3951.93
2023-09-04,New_York,Instagram,21716.81,3212.11
2023-09-04,New_York,YouTube,14754.06,3144.44
2023-09-04,New_York,Display,50278.77,2596.01
2023-09-04,New_York,Email,11424.27,526.55
2023-09-04,Los_Angeles,TV_National,61.35,17737.31
2023-09-04,Los_Angeles,Search_Brand,1154.81,9335.47
2023-09-04,Los_Angeles,Search_Generic,918.37,6329.6
2023-09-04,Los_Angeles,Facebook,33208.46,5459.81
2023-09-04,Los_Angeles,Instagram,32353.94,3819.86
2023-09-04,Los_Angeles,YouTube,26360.74,5304.94
2023-09-04,Los_Angeles,Display,61154.28,3171.86
2023-09-04,Los_Angeles,Email,7766.88,425.96
2023-09-04,Chicago,TV_National,86.1,26548.04
2023-09-04,Chicago,Search_Brand,1571.93,10798.49
2023-09-04,Chicago,Search_Generic,1753.38,11176.93
2023-09-04,Chicago,Facebook,67271.24,9764.24
2023-09-04,Chicago,Instagram,31438.32,5122.17
2023-09-04,Chicago,YouTube,31092.5,6988.79
2023-09-04,Chicago,Display,64798.43,3615.68
2023-09-04,Chicago,Email,11787.05,640.82
2023-09-04,Houston,TV_National,73.52,23277.73
2023-09-04,Houston,Search_Brand,2042.23,12526.29
2023-09-04,Houston,Search_Generic,1177.99,8642.21
2023-09-04,Houston,Facebook,67853.47,10203.8
2023-09-04,Houston,Instagram,37291.44,5342.55
2023-09-04,Houston,YouTube,41377.2,8116.36
2023-09-04,Houston,Display,82381.16,3924.49
2023-09-04,Houston,Email,15425.25,720.46
2023-09-04,Phoenix,TV_National,103.1,31896.25
2023-09-04,Phoenix,Search_Brand,1936.75,14108.83
2023-09-04,Phoenix,Search_Generic,1960.35,13002.34
2023-09-04,Phoenix,Facebook,66602.21,9088.31
2023-09-04,Phoenix,Instagram,34484.4,5118.47
2023-09-04,Phoenix,YouTube,36352.11,7962.82
2023-09-04,Phoenix,Display,81281.32,4344.72
2023-09-04,Phoenix,Email,20508.27,1044.8
2023-09-11,New_York,TV_National,23.13,8577.75
2023-09-11,New_York,Search_Brand,917.52,5843.14
2023-09-11,New_York,Search_Generic,403.17,3178.76
2023-09-11,New_York,Facebook,29728.35,3696.39
2023-09-11,New_York,Instagram,19614.67,2642.87
2023-09-11,New_York,YouTube,13206.65,3268.53
2023-09-11,New_York,Display,45862.61,2244.27
2023-09-11,New_York,Email,12785.42,431.69
2023-09-11,Los_Angeles,TV_National,47.81,12070.25
2023-09-11,Los_Angeles,Search_Brand,1301.15,8428.63
2023-09-11,Los_Angeles,Search_Generic,837.71,6555.1
2023-09-11,Los_Angeles,Facebook,36530.01,5049.42
2023-09-11,Los_Angeles,Instagram,23609.94,3066.38
2023-09-11,Los_Angeles,YouTube,18460.0,4133.71
2023-09-11,Los_Angeles,Display,58296.74,2570.5
2023-09-11,Los_Angeles,Email,10521.71,507.56
2023-09-11,Chicago,TV_National,67.67,18819.23
2023-09-11,Chicago,Search_Brand,2240.01,12412.95
2023-09-11,Chicago,Search_Generic,1166.33,8181.68
2023-09-11,Chicago,Facebook,56606.15,7103.73
2023-09-11,Chicago,Instagram,33852.87,4399.15
2023-09-11,Chicago,YouTube,27020.1,5438.82
2023-09-11,Chicago,Display,72782.98,3548.5
2023-09-11,Chicago,Email,14056.63,687.9
2023-09-11,Houston,TV_National,118.86,32310.63
2023-09-11,Houston,Search_Brand,2220.58,15493.85
2023-09-11,Houston,Search_Generic,1309.48,8926.3
2023-09-11,Houston,Facebook,78621.91,9693.67
2023-09-11,Houston,Instagram,37937.96,5434.64
2023-09-11,Houston,YouTube,25564.15,5317.48
2023-09-11,Houston,Display,94206.32,4935.26
2023-09-11,Houston,Email,18361.11,935.71
2023-09-11,Phoenix,TV_National,93.6,31494.28
2023-09-11,Phoenix,Search_Brand,1802.43,16205.82
2023-09-11,Phoenix,Search_Generic,1321.7,11668.26
2023-09-11,Phoenix,Facebook,90661.71,11982.94
2023-09-11,Phoenix,Instagram,62434.89,7507.56
2023-09-11,Phoenix,YouTube,41317.18,6938.63
2023-09-11,Phoenix,Display,112319.04,5750.38
2023-09-11,Phoenix,Email,21230.65,1185.71
2023-09-18,New_York,TV_National,33.26,10603.98
2023-09-18,New_York,Search_Brand,797.86,5911.81
2023-09-18,New_York,Search_Generic,749.23,5766.58
2023-09-18,New_York,Facebook,27883.78,4217.19
2023-09-18,New_York,Instagram,15637.12,2130.87
2023-09-18,New_York,YouTube,11927.98,2402.03
2023-09-18,New_York,Display,39740.06,1628.89
2023-09-18,New_York,Email,9269.42,458.6
2023-09-18,Los_Angeles,TV_National,61.08,19943.76
2023-09-18,Los_Angeles,Search_Brand,1461.02,9547.45
2023-09-18,Los_Angeles,Search_Generic,1039.78,6866.62
2023-09-18,Los_Angeles,Facebook,44230.05,6138.75
2023-09-18,Los_Angeles,Instagram,19490.91,3003.69
2023-09-18,Los_Angeles,YouTube,21801.38,4319.75
2023-09-18,Los_Angeles,Display,59084.6,2321.17
2023-09-18,Los_Angeles,Email,14666.5,690.47
2023-09-18,Chicago,TV_National,69.27,21228.15
2023-09-18,Chicago,Search_Brand,1467.78,9709.71
2023-09-18,Chicago,Search_Generic,1028.21,8731.13
2023-09-18,Chicago,Facebook,50725.1,7359.83
2023-09-18,Chicago,Instagram,24122.34,3680.56
2023-09-18,Chicago,YouTube,31783.03,5263.13
2023-09-18,Chicago,Display,66581.72,3804.73
2023-09-18,Chicago,Email,12900.07,752.94
2023-09-18,Houston,TV_National,95.39,29996.54
2023-09-18,Houston,Search_Brand,2296.72,13410.32
2023-09-18,Houston,Search_Generic,975.02,8409.09
2023-09-18,Houston,Facebook,60477.68,7787.55
2023-09-18,Houston,Instagram,25492.56,4737.4
2023-09-18,Houston,YouTube,33577.65,6355.04
2023-09-18,Houston,Display,97161.48,5088.37
2023-09-18,Houston,Email,17937.43,799.13
2023-09-18,Phoenix,TV_National,72.66,22663.06
2023-09-18,Phoenix,Search_Brand,2583.01,16463.61
2023-09-18,Phoenix,Search_Generic,1487.32,11116.56
2023-09-18,Phoenix,Facebook,45124.32,6884.94
2023-09-18,Phoenix,Instagram,48512.42,7492.75
2023-09-18,Phoenix,YouTube,42199.75,8071.1
2023-09-18,Phoenix,Display,96624.68,4749.58
2023-09-18,Phoenix,Email,16956.67,865.53
2023-09-25,New_York,TV_National,44.53,13150.23
2023-09-25,New_York,Search_Brand,899.08,5860.99
2023-09-25,New_York,Search_Generic,580.37,5343.11
2023-09-25,New_York,Facebook,32215.26,4759.56
2023-09-25,New_York,Instagram,24029.46,2984.53
2023-09-25,New_York,YouTube,12132.57,2604.91
2023-09-25,New_York,Display,35418.06,1915.28
2023-09-25,New_York,Email,9525.81,518.9
2023-09-25,Los_Angeles,TV_National,51.65,15180.75
2023-09-25,Los_Angeles,Search_Brand,1059.44,7348.01
2023-09-25,Los_Angeles,Search_Generic,892.7,6921.88
2023-09-25,Los_Angeles,Facebook,36007.13,5423.49
2023-09-25,Los_Angeles,Instagram,22627.7,3067.62
2023-09-25,Los_Angeles,YouTube,28677.78,5725.01
2023-09-25,Los_Angeles,Display,60970.8,2844.51
2023-09-25,Los_Angeles,Email,10780.59,454.65
2023-09-25,Chicago,TV_National,84.95,21647.11
2023-09-25,Chicago,Search_Brand,1805.15,10033.79
2023-09-25,Chicago,Search_Generic,1329.64,9435.74
2023-09-25,Chicago,Facebook,49504.87,7250.09
2023-09-25,Chicago,Instagram,42498.29,5866.83
2023-09-25,Chicago,YouTube,18642.15,4169.12
2023-09-25,Chicago,Display,70218.95,3403.78
2023-09-25,Chicago,Email,15681.26,694.08
2023-09-25,Houston,TV_National,64.35,19029.93
2023-09-25,Houston,Search_Brand,1675.69,10354.0
2023-09-25,Houston,Search_Generic,1398.33,10056.5
2023-09-25,Houston,Facebook,59402.74,7466.93
2023-09-25,Houston,Instagram,52673.75,6956.32
2023-09-25,Houston,YouTube,35336.58,6669.17
2023-09-25,Houston,Display,83277.04,3822.43
2023-09-25,Houston,Email,24232.54,1088.61
2023-09-25,Phoenix,TV_National,92.93,26890.07
2023-09-25,Phoenix,Search_Brand,2093.29,13178.91
2023-09-25,Phoenix,Search_Generic,1419.94,12839.13
2023-09-25,Phoenix,Facebook,57163.4,8400.72
2023-09-25,Phoenix,Instagram,42349.07,6691.12
2023-09-25,Phoenix,YouTube,43483.16,8480.66
2023-09-25,Phoenix,Display,90057.71,4856.4
2023-09-25,Phoenix,Email,27621.07,1170.35
2023-10-02,New_York,TV_National,29.74,9486.35
2023-10-02,New_York,Search_Brand,847.5,5855.96
2023-10-02,New_York,Search_Generic,573.64,3995.57
2023-10-02,New_York,Facebook,20391.38,2553.26
2023-10-02,New_York,Instagram,16493.5,2406.09
2023-10-02,New_York,YouTube,13368.85,2683.84
2023-10-02,New_York,Display,30452.68,1311.21
2023-10-02,New_York,Email,7152.21,342.11
2023-10-02,Los_Angeles,TV_National,48.69,16176.73
2023-10-02,Los_Angeles,Search_Brand,1172.77,8030.55
2023-10-02,Los_Angeles,Search_Generic,686.56,6369.79
2023-10-02,Los_Angeles,Facebook,30355.97,4606.02
2023-10-02,Los_Angeles,Instagram,26141.16,3491.72
2023-10-02,Los_Angeles,YouTube,15660.82,3363.36
2023-10-02,Los_Angeles,Display,42037.0,2299.02
2023-10-02,Los_Angeles,Email,10224.16,530.43
2023-10-02,Chicago,TV_National,37.06,11541.57
2023-10-02,Chicago,Search_Brand,1038.07,8146.7
2023-10-02,Chicago,Search_Generic,799.42,5930.44
2023-10-02,Chicago,Facebook,52452.92,7262.23
2023-10-02,Chicago,Instagram,28429.97,3802.81
2023-10-02,Chicago,YouTube,20725.44,4443.24
2023-10-02,Chicago,Display,41998.72,2502.0
2023-10-02,Chicago,Email,11402.76,561.2
2023-10-02,Houston,TV_National,68.31,21363.12
2023-10-02,Houston,Search_Brand,1599.02,10031.09
2023-10-02,Houston,Search_Generic,1025.31,7115.67
2023-10-02,Houston,Facebook,40361.7,6216.55
2023-10-02,Houston,Instagram,27572.73,4058.67
2023-10-02,Houston,YouTube,35223.07,6690.58
2023-10-02,Houston,Display,88156.17,4183.56
2023-10-02,Houston,Email,11846.89,612.27
2023-10-02,Phoenix,TV_National,86.37,22683.74
2023-10-02,Phoenix,Search_Brand,1864.14,11365.15
2023-10-02,Phoenix,Search_Generic,1867.11,11661.94
2023-10-02,Phoenix,Facebook,60084.72,7993.38
2023-10-02,Phoenix,Instagram,56260.22,8378.25
2023-10-02,Phoenix,YouTube,22378.56,5401.45
2023-10-02,Phoenix,Display,78354.47,4729.53
2023-10-02,Phoenix,Email,16795.26,803.83
2023-10-09,New_York,TV_National,36.48,10487.29
2023-10-09,New_York,Search_Brand,958.76,5624.45
2023-10-09,New_York,Search_Generic,440.72,3536.9
2023-10-09,New_York,Facebook,23030.19,3027.92
2023-10-09,New_York,Instagram,20356.41,2724.16
2023-10-09,New_York,YouTube,14436.93,3248.38
2023-10-09,New_York,Display,50844.3,2183.03
2023-10-09,New_York,Email,9074.3,379.66
2023-10-09,Los_Angeles,TV_National,34.6,10939.15
2023-10-09,Los_Angeles,Search_Brand,1080.0,6698.86
2023-10-09,Los_Angeles,Search_Generic,689.27,4792.39
2023-10-09,Los_Angeles,Facebook,43087.81,5742.01
2023-10-09,Los_Angeles,Instagram,22097.01,3414.79
2023-10-09,Los_Angeles,YouTube,18661.41,3293.85
2023-10-09,Los_Angeles,Display,52342.81,2627.37
2023-10-09,Los_Angeles,Email,7171.46,439.09
2023-10-09,Chicago,TV_National,61.34,15201.22
2023-10-09,Chicago,Search_Brand,1201.0,7856.38
2023-10-09,Chicago,Search_Generic,976.71,8304.76
2023-10-09,Chicago,Facebook,47030.65,6117.16
2023-10-09,Chicago,Instagram,39707.67,4172.82
2023-10-09,Chicago,YouTube,20599.54,3706.02
2023-10-09,Chicago,Display,62630.23,2898.88
2023-10-09,Chicago,Email,11815.58,635.72
2023-10-09,Houston,TV_National,62.1,22432.46
2023-10-09,Houston,Search_Brand,1955.67,12654.82
2023-10-09,Houston,Search_Generic,1414.22,9541.66
2023-10-09,Houston,Facebook,54239.49,7634.6
2023-10-09,Houston,Instagram,29476.78,4431.38
2023-10-09,Houston,YouTube,39864.47,6906.16
2023-10-09,Houston,Display,70036.47,3485.75
2023-10-09,Houston,Email,14186.32,630.82
2023-10-09,Phoenix,TV_National,114.04,28176.58
2023-10-09,Phoenix,Search_Brand,1721.85,11921.24
2023-10-09,Phoenix,Search_Generic,1502.08,10560.33
2023-10-09,Phoenix,Facebook,52790.44,8229.42
2023-10-09,Phoenix,Instagram,52134.6,6791.03
2023-10-09,Phoenix,YouTube,33935.57,5926.78
2023-10-09,Phoenix,Display,102679.32,5065.48
2023-10-09,Phoenix,Email,18184.3,860.21
2023-10-16,New_York,TV_National,29.97,8963.24
2023-10-16,New_York,Search_Brand,644.97,3938.98
2023-10-16,New_York,Search_Generic,500.23,3228.03
2023-10-16,New_York,Facebook,22175.78,3235.74
2023-10-16,New_York,Instagram,15033.02,2166.13
2023-10-16,New_York,YouTube,13119.09,3364.94
2023-10-16,New_York,Display,42593.76,2058.9
2023-10-16,New_York,Email,5095.4,283.69
2023-10-16,Los_Angeles,TV_National,54.69,18034.75
2023-10-16,Los_Angeles,Search_Brand,1057.43,6291.69
2023-10-16,Los_Angeles,Search_Generic,716.51,5902.25
2023-10-16,Los_Angeles,Facebook,30510.1,4829.4
2023-10-16,Los_Angeles,Instagram,30659.03,3860.04
2023-10-16,Los_Angeles,YouTube,20999.33,4050.69
2023-10-16,Los_Angeles,Display,60883.43,3044.27
2023-10-16,Los_Angeles,Email,8191.05,391.55
2023-10-16,Chicago,TV_National,73.51,24407.99
2023-10-16,Chicago,Search_Brand,1410.16,9017.57
2023-10-16,Chicago,Search_Generic,855.98,7082.5
2023-10-16,Chicago,Facebook,62152.07,7040.43
2023-10-16,Chicago,Instagram,27989.85,4289.35
2023-10-16,Chicago,YouTube,19358.65,3773.13
2023-10-16,Chicago,Display,73631.63,3510.74
2023-10-16,Chicago,Email,11214.98,594.79
2023-10-16,Houston,TV_National,66.67,18399.71
2023-10-16,Houston,Search_Brand,1703.91,13258.21
2023-10-16,Houston,Search_Generic,1554.03,11004.94
2023-10-16,Houston,Facebook,54553.61,8912.78
2023-10-16,Houston,Instagram,28997.64,4120.6
2023-10-16,Houston,YouTube,37296.35,6232.77
2023-10-16,Houston,Display,78396.25,4016.1
2023-10-16,Houston,Email,14009.55,619.41
2023-10-16,Phoenix,TV_National,86.56,22064.56
2023-10-16,Phoenix,Search_Brand,2291.83,13032.06
2023-10-16,Phoenix,Search_Generic,1485.31,11293.5
2023-10-16,Phoenix,Facebook,53195.62,7862.91
2023-10-16,Phoenix,Instagram,45671.17,6344.82
2023-10-16,Phoenix,YouTube,30591.61,6220.5
2023-10-16,Phoenix,Display,69516.52,4300.39
2023-10-16,Phoenix,Email,16510.0,910.47
2023-10-23,New_York,TV_National,24.16,8579.6
2023-10-23,New_York,Search_Brand,544.46,4156.59
2023-10-23,New_York,Search_Generic,594.62,3668.36
2023-10-23,New_York,Facebook,22389.2,3142.11
2023-10-23,New_York,Instagram,18290.69,2527.35
2023-10-23,New_York,YouTube,11928.42,2688.59
2023-10-23,New_York,Display,50638.86,2113.34
2023-10-23,New_York,Email,4768.93,264.16
2023-10-23,Los_Angeles,TV_National,40.71,13448.53
2023-10-23,Los_Angeles,Search_Brand,1125.45,8069.79
2023-10-23,Los_Angeles,Search_Generic,1165.86,7762.54
2023-10-23,Los_Angeles,Facebook,37439.42,4826.47
2023-10-23,Los_Angeles,Instagram,26079.7,3862.98
2023-10-23,Los_Angeles,YouTube,16674.91,3309.02
2023-10-23,Los_Angeles,Display,53945.04,2660.0
2023-10-23,Los_Angeles,Email,6811.04,369.02
2023-10-23,Chicago,TV_National,58.4,17653.03
2023-10-23,Chicago,Search_Brand,1671.23,12797.84
2023-10-23,Chicago,Search_Generic,1191.91,7702.55
2023-10-23,Chicago,Facebook,56237.24,8365.44
2023-10-23,Chicago,Instagram,33903.55,4483.62
2023-10-23,Chicago,YouTube,24267.14,4901.64
2023-10-23,Chicago,Display,49311.04,3176.06
2023-10-23,Chicago,Email,13349.34,659.1
2023-10-23,Houston,TV_National,85.75,20963.61
2023-10-23,Houston,Search_Brand,1505.14,10446.96
2023-10-23,Houston,Search_Generic,1434.04,11688.46
2023-10-23,Houston,Facebook,45889.56,6652.75
2023-10-23,Houston,Instagram,41840.95,5737.26
2023-10-23,Houston,YouTube,22572.47,4761.25
2023-10-23,Houston,Display,65451.35,3297.94
2023-10-23,Houston,Email,16060.96,770.16
2023-10-23,Phoenix,TV_National,72.43,19536.35
2023-10-23,Phoenix,Search_Brand,2433.4,14125.12
2023-10-23,Phoenix,Search_Generic,1622.95,10902.78
2023-10-23,Phoenix,Facebook,73008.85,9116.15
2023-10-23,Phoenix,Instagram,45515.37,6434.85
2023-10-23,Phoenix,YouTube,52254.68,9561.91
2023-10-23,Phoenix,Display,81539.09,4631.96
2023-10-23,Phoenix,Email,14428.98,700.64
2023-10-30,New_York,TV_National,32.68,10425.1
2023-10-30,New_York,Search_Brand,976.94,5556.27
2023-10-30,New_York,Search_Generic,538.7,4528.58
2023-10-30,New_York,Facebook,21595.02,3343.6
2023-10-30,New_York,Instagram,15389.67,2245.54
2023-10-30,New_York,YouTube,11166.4,2531.94
2023-10-30,New_York,Display,31536.69,1667.76
2023-10-30,New_York,Email,5380.61,219.1
2023-10-30,Los_Angeles,TV_National,53.01,16513.15
2023-10-30,Los_Angeles,Search_Brand,1000.77,7501.14
2023-10-30,Los_Angeles,Search_Generic,1166.18,7234.85
2023-10-30,Los_Angeles,Facebook,37114.08,4786.18
2023-10-30,Los_Angeles,Instagram,20995.07,3359.69
2023-10-30,Los_Angeles,YouTube,17813.25,3515.96
2023-10-30,Los_Angeles,Display,42724.25,2183.44
2023-10-30,Los_Angeles,Email,9148.4,461.13
2023-10-30,Chicago,TV_National,53.93,17990.47
2023-10-30,Chicago,Search_Brand,1127.79,8549.24
2023-10-30,Chicago,Search_Generic,893.08,8267.94
2023-10-30,Chicago,Facebook,56881.77,7074.03
2023-10-30,Chicago,Instagram,21915.37,3980.43
2023-10-30,Chicago,YouTube,22400.22,4508.89
2023-10-30,Chicago,Display,48563.14,2556.54
2023-10-30,Chicago,Email,15999.55,748.51
2023-10-30,Houston,TV_National,53.61,18868.14
2023-10-30,Houston,Search_Brand,1616.13,11006.63
2023-10-30,Houston,Search_Generic,1180.41,9339.93
2023-10-30,Houston,Facebook,66267.38,7801.16
2023-10-30,Houston,Instagram,40629.79,5715.59
2023-10-30,Houston,YouTube,27131.67,5623.37
2023-10-30,Houston,Display,81003.89,4312.41
2023-10-30,Houston,Email,14623.03,727.42
2023-10-30,Phoenix,TV_National,68.73,23651.13
2023-10-30,Phoenix,Search_Brand,2128.24,14275.09
2023-10-30,Phoenix,Search_Generic,1389.8,10994.81
2023-10-30,Phoenix,Facebook,65458.88,10208.18
2023-10-30,Phoenix,Instagram,46133.83,7692.13
2023-10-30,Phoenix,YouTube,38058.3,7258.25
2023-10-30,Phoenix,Display,78708.97,3771.92
2023-10-30,Phoenix,Email,16501.63,1029.85
2023-11-06,New_York,TV_National,24.88,9578.04
2023-11-06,New_York,Search_Brand,723.54,4098.43
2023-11-06,New_York,Search_Generic,386.05,3256.01
2023-11-06,New_York,Facebook,24740.94,2874.15
2023-11-06,New_York,Instagram,10124.96,1574.63
2023-11-06,New_York,YouTube,17852.23,2965.13
2023-11-06,New_York,Display,25754.63,1457.59
2023-11-06,New_York,Email,9510.7,405.45
2023-11-06,Los_Angeles,TV_National,41.56,13522.53
2023-11-06,Los_Angeles,Search_Brand,954.47,6465.96
2023-11-06,Los_Angeles,Search_Generic,791.4,5133.83
2023-11-06,Los_Angeles,Facebook,29194.72,4645.11
2023-11-06,Los_Angeles,Instagram,25819.46,3503.29
2023-11-06,Los_Angeles,YouTube,20903.39,3610.4
2023-11-06,Los_Angeles,Display,34335.11,1722.92
2023-11-06,Los_Angeles,Email,6427.25,375.91
2023-11-06,Chicago,TV_National,70.16,16373.82
2023-11-06,Chicago,Search_Brand,940.55,6290.6
2023-11-06,Chicago,Search_Generic,923.92,6844.65
2023-11-06,Chicago,Facebook,31314.6,5094.17
2023-11-06,Chicago,Instagram,24872.05,3755.83
2023-11-06,Chicago,YouTube,16815.99,2984.5
2023-11-06,Chicago,Display,60133.92,2991.2
2023-11-06,Chicago,Email,11941.33,536.25
2023-11-06,Houston,TV_National,71.23,19520.87
2023-11-06,Houston,Search_Brand,1646.55,9627.3
2023-11-06,Houston,Search_Generic,1076.98,7922.13
2023-11-06,Houston,Facebook,37461.64,5200.28
2023-11-06,Houston,Instagram,26050.51,3887.45
2023-11-06,Houston,YouTube,20017.07,4453.86
2023-11-06,Houston,Display,98855.16,4326.63
2023-11-06,Houston,Email,14851.99,839.2
2023-11-06,Phoenix,TV_National,65.74,22444.38
2023-11-06,Phoenix,Search_Brand,1460.03,10669.5
2023-11-06,Phoenix,Search_Generic,1370.91,10697.38
2023-11-06,Phoenix,Facebook,64606.76,8688.47
2023-11-06,Phoenix,Instagram,45095.35,7320.0
2023-11-06,Phoenix,YouTube,40107.5,7152.64
2023-11-06,Phoenix,Display,70741.44,3198.19
2023-11-06,Phoenix,Email,15219.25,778.47
2023-11-13,New_York,TV_National,24.35,7849.67
2023-11-13,New_York,Search_Brand,966.45,6442.55
2023-11-13,New_York,Search_Generic,492.18,3995.19
2023-11-13,New_York,Facebook,20544.23,2633.91
2023-11-13,New_York,Instagram,11599.12,1692.72
2023-11-13,New_York,YouTube,12037.0,2380.74
2023-11-13,New_York,Display,29986.65,1441.15
2023-11-13,New_York,Email,7070.91,328.5
2023-11-13,Los_Angeles,TV_National,34.13,10534.38
2023-11-13,Los_Angeles,Search_Brand,1278.22,7792.18
2023-11-13,Los_Angeles,Search_Generic,549.11,3976.08
2023-11-13,Los_Angeles,Facebook,21280.11,3025.78
2023-11-13,Los_Angeles,Instagram,24611.57,3788.21
2023-11-13,Los_Angeles,YouTube,15509.49,2873.73
2023-11-13,Los_Angeles,Display,30319.54,1615.0
2023-11-13,Los_Angeles,Email,8356.9,445.21
2023-11-13,Chicago,TV_National,53.88,15003.47
2023-11-13,Chicago,Search_Brand,1360.51,8831.29
2023-11-13,Chicago,Search_Generic,817.6,5909.25
2023-11-13,Chicago,Facebook,37270.26,5086.07
2023-11-13,Chicago,Instagram,23610.85,3366.42
2023-11-13,Chicago,YouTube,17802.96,3573.08
2023-11-13,Chicago,Display,41041.97,2293.93
2023-11-13,Chicago,Email,11004.29,538.63
2023-11-13,Houston,TV_National,67.77,21226.8
2023-11-13,Houston,Search_Brand,1696.2,10702.02
2023-11-13,Houston,Search_Generic,990.83,8070.85
2023-11-13,Houston,Facebook,46709.6,6434.19
2023-11-13,Houston,Instagram,25561.52,4408.89
2023-11-13,Houston,YouTube,32163.81,5155.95
2023-11-13,Houston,Display,55422.88,2980.43
2023-11-13,Houston,Email,13730.34,665.4
2023-11-13,Phoenix,TV_National,78.06,26556.18
2023-11-13,Phoenix,Search_Brand,2103.02,13216.3
2023-11-13,Phoenix,Search_Generic,1199.26,8694.92
2023-11-13,Phoenix,Facebook,65976.61,8637.89
2023-11-13,Phoenix,Instagram,33843.29,4364.97
2023-11-13,Phoenix,YouTube,29536.25,5864.36
2023-11-13,Phoenix,Display,73720.45,3741.82
2023-11-13,Phoenix,Email,17553.82,885.07
2023-11-20,New_York,TV_National,24.06,7509.2
2023-11-20,New_York,Search_Brand,825.36,4865.93
2023-11-20,New_York,Search_Generic,476.29,3889.32
2023-11-20,New_York,Facebook,30895.65,4298.33
2023-11-20,New_York,Instagram,17655.09,2509.5
2023-11-20,New_York,YouTube,13953.0,2565.9
2023-11-20,New_York,Display,39507.89,1777.19
2023-11-20,New_York,Email,6539.87,337.46
2023-11-20,Los_Angeles,TV_National,38.63,11209.41
2023-11-20,Los_Angeles,Search_Brand,1099.09,7492.3
2023-11-20,Los_Angeles,Search_Generic,883.7,5731.63
2023-11-20,Los_Angeles,Facebook,22843.64,3548.25
2023-11-20,Los_Angeles,Instagram,20553.8,2790.36
2023-11-20,Los_Angeles,YouTube,17231.39,3010.4
2023-11-20,Los_Angeles,Display,43555.8,2169.22
2023-11-20,Los_Angeles,Email,5755.08,328.22
2023-11-20,Chicago,TV_National,43.66,16213.25
2023-11-20,Chicago,Search_Brand,1424.8,9650.06
2023-11-20,Chicago,Search_Generic,1698.49,10113.29
2023-11-20,Chicago,Facebook,34922.25,5042.23
2023-11-20,Chicago,Instagram,35664.56,4211.11
2023-11-20,Chicago,YouTube,13558.55,3242.09
2023-11-20,Chicago,Display,50029.79,2359.88
2023-11-20,Chicago,Email,12425.12,558.23
2023-11-20,Houston,TV_National,41.69,15766.36
2023-11-20,Houston,Search_Brand,1580.89,11449.28
2023-11-20,Houston,Search_Generic,754.55,5577.66
2023-11-20,Houston,Facebook,49003.99,7086.54
2023-11-20,Houston,Instagram,28905.89,4111.83
2023-11-20,Houston,YouTube,20803.54,4761.15
2023-11-20,Houston,Display,59544.98,2826.03
2023-11-20,Houston,Email,13429.13,660.27
2023-11-20,Phoenix,TV_National,62.61,19126.6
2023-11-20,Phoenix,Search_Brand,1304.62,8543.61
2023-11-20,Phoenix,Search_Generic,1266.27,11005.45
2023-11-20,Phoenix,Facebook,49041.73,6779.14
2023-11-20,Phoenix,Instagram,42703.54,6252.56
2023-11-20,Phoenix,YouTube,21917.92,5337.51
2023-11-20,Phoenix,Display,92208.13,3758.83
2023-11-20,Phoenix,Email,15398.39,771.64
2023-11-27,New_York,TV_National,31.04,9321.97
2023-11-27,New_York,Search_Brand,682.98,4193.35
2023-11-27,New_York,Search_Generic,490.9,3675.3
2023-11-27,New_York,Facebook,20397.36,2557.79
2023-11-27,New_York,Instagram,15476.15,2289.83
2023-11-27,New_York,YouTube,13095.39,2752.69
2023-11-27,New_York,Display,24404.4,1316.53
2023-11-27,New_York,Email,4759.25,227.0
2023-11-27,Los_Angeles,TV_National,27.36,9279.83
2023-11-27,Los_Angeles,Search_Brand,709.53,4771.06
2023-11-27,Los_Angeles,Search_Generic,616.38,4776.35
2023-11-27,Los_Angeles,Facebook,21675.94,3481.68
2023-11-27,Los_Angeles,Instagram,20654.66,3055.32
2023-11-27,Los_Angeles,YouTube,15628.97,3415.12
2023-11-27,Los_Angeles,Display,47654.41,2091.57
2023-11-27,Los_Angeles,Email,8531.23,444.52
2023-11-27,Chicago,TV_National,52.57,16155.44
2023-11-27,Chicago,Search_Brand,1205.11,8299.96
2023-11-27,Chicago,Search_Generic,826.17,6066.22
2023-11-27,Chicago,Facebook,28229.95,4464.07
2023-11-27,Chicago,Instagram,17924.96,2945.0
2023-11-27,Chicago,YouTube,17544.02,3453.3
2023-11-27,Chicago,Display,47707.73,2265.96
2023-11-27,Chicago,Email,8555.45,520.84
2023-11-27,Houston,TV_National,75.27,20823.45
2023-11-27,Houston,Search_Brand,1356.69,8672.4
2023-11-27,Houston,Search_Generic,893.98,6639.71
2023-11-27,Houston,Facebook,30451.82,5204.62
2023-11-27,Houston,Instagram,29337.41,4158.37
2023-11-27,Houston,YouTube,21061.79,4741.84
2023-11-27,Houston,Display,60870.63,2962.66
2023-11-27,Houston,Email,12729.02,624.94
2023-11-27,Phoenix,TV_National,75.26,20082.22
2023-11-27,Phoenix,Search_Brand,1563.54,9927.59
2023-11-27,Phoenix,Search_Generic,1483.69,10605.21
2023-11-27,Phoenix,Facebook,47676.65,7180.44
2023-11-27,Phoenix,Instagram,37498.22,6052.54
2023-11-27,Phoenix,YouTube,24600.33,5119.61
2023-11-27,Phoenix,Display,92568.59,4455.95
2023-11-27,Phoenix,Email,12411.82,640.15
2023-12-04,New_York,TV_National,23.79,7660.55
2023-12-04,New_York,Search_Brand,678.52,5188.56
2023-12-04,New_York,Search_Generic,619.51,4277.03
2023-12-04,New_York,Facebook,22040.13,3297.78
2023-12-04,New_York,Instagram,11860.94,1916.41
2023-12-04,New_York,YouTube,10876.23,2070.47
2023-12-04,New_York,Display,30444.28,1700.43
2023-12-04,New_York,Email,5221.64,265.06
2023-12-04,Los_Angeles,TV_National,33.13,9368.16
2023-12-04,Los_Angeles,Search_Brand,812.87,5526.08
2023-12-04,Los_Angeles,Search_Generic,531.93,4317.18
2023-12-04,Los_Angeles,Facebook,26347.29,3845.93
2023-12-04,Los_Angeles,Instagram,16926.6,2548.79
2023-12-04,Los_Angeles,YouTube,19061.26,3231.22
2023-12-04,Los_Angeles,Display,43434.46,1965.82
2023-12-04,Los_Angeles,Email,6350.05,312.53
2023-12-04,Chicago,TV_National,35.86,12468.96
2023-12-04,Chicago,Search_Brand,1185.78,7016.98
2023-12-04,Chicago,Search_Generic,926.31,6780.56
2023-12-04,Chicago,Facebook,26725.34,3893.58
2023-12-04,Chicago,Instagram,26088.16,3588.79
2023-12-04,Chicago,YouTube,13598.08,2972.85
2023-12-04,Chicago,Display,51205.03,2426.56
2023-12-04,Chicago,Email,6936.18,352.48
2023-12-04,Houston,TV_National,66.18,18237.15
2023-12-04,Houston,Search_Brand,1679.44,10562.64
2023-12-04,Houston,Search_Generic,697.69,6332.67
2023-12-04,Houston,Facebook,43402.05,5609.34
2023-12-04,Houston,Instagram,39365.99,5133.23
2023-12-04,Houston,YouTube,26365.35,5076.64
2023-12-04,Houston,Display,54030.7,2736.9
2023-12-04,Houston,Email,13910.49,764.27
2023-12-04,Phoenix,TV_National,86.36,26755.48
2023-12-04,Phoenix,Search_Brand,1780.56,13663.51
2023-12-04,Phoenix,Search_Generic,1136.03,9171.65
2023-12-04,Phoenix,Facebook,40503.31,5661.11
2023-12-04,Phoenix,Instagram,37422.6,5701.08
2023-12-04,Phoenix,YouTube,22157.31,4472.35
2023-12-04,Phoenix,Display,72981.93,3454.4
2023-12-04,Phoenix,Email,16047.53,807.16
2023-12-11,New_York,TV_National,37.82,11095.7
2023-12-11,New_York,Search_Brand,543.02,4253.15
2023-12-11,New_York,Search_Generic,416.45,3230.19
2023-12-11,New_York,Facebook,23708.26,3233.82
2023-12-11,New_York,Instagram,11933.83,1642.2
2023-12-11,New_York,YouTube,14431.98,2477.39
2023-12-11,New_York,Display,34515.72,1599.35
2023-12-11,New_York,Email,5874.44,282.54
2023-12-11,Los_Angeles,TV_National,40.64,13930.92
2023-12-11,Los_Angeles,Search_Brand,811.63,5845.43
2023-12-11,Los_Angeles,Search_Generic,737.41,4890.37
2023-12-11,Los_Angeles,Facebook,19402.59,3520.23
2023-12-11,Los_Angeles,Instagram,19826.62,2533.41
2023-12-11,Los_Angeles,YouTube,17423.69,3338.68
2023-12-11,Los_Angeles,Display,32484.28,1845.83
2023-12-11,Los_Angeles,Email,7652.91,415.94
2023-12-11,Chicago,TV_National,71.99,20398.51
2023-12-11,Chicago,Search_Brand,1013.98,7186.05
2023-12-11,Chicago,Search_Generic,754.85,5798.59
2023-12-11,Chicago,Facebook,41318.57,5793.64
2023-12-11,Chicago,Instagram,26521.94,3073.5
2023-12-11,Chicago,YouTube,21323.5,3949.1
2023-12-11,Chicago,Display,46381.37,2236.37
2023-12-11,Chicago,Email,8500.15,513.41
2023-12-11,Houston,TV_National,91.59,24150.25
2023-12-11,Houston,Search_Brand,1204.99,8969.37
2023-12-11,Houston,Search_Generic,1011.68,7522.11
2023-12-11,Houston,Facebook,44782.14,6276.05
2023-12-11,Houston,Instagram,37095.51,4493.59
2023-12-11,Houston,YouTube,23334.56,5183.41
2023-12-11,Houston,Display,86006.44,3649.64
2023-12-11,Houston,Email,17064.45,954.67
2023-12-11,Phoenix,TV_National,58.95,21779.19
2023-12-11,Phoenix,Search_Brand,1727.97,12168.93
2023-12-11,Phoenix,Search_Generic,1383.18,11209.35
2023-12-11,Phoenix,Facebook,36281.81,5433.22
2023-12-11,Phoenix,Instagram,28054.1,3643.38
2023-12-11,Phoenix,YouTube,20599.93,4108.28
2023-12-11,Phoenix,Display,49639.84,2562.78
2023-12-11,Phoenix,Email,18571.51,895.68
2023-12-18,New_York,TV_National,24.52,7379.51
2023-12-18,New_York,Search_Brand,706.43,4492.12
2023-12-18,New_York,Search_Generic,387.23,2737.14
2023-12-18,New_York,Facebook,12266.63,1866.31
2023-12-18,New_York,Instagram,13861.97,1821.58
2023-12-18,New_York,YouTube,9764.49,2247.62
2023-12-18,New_York,Display,24638.83,1207.71
2023-12-18,New_York,Email,5222.59,276.7
2023-12-18,Los_Angeles,TV_National,38.4,10746.29
2023-12-18,Los_Angeles,Search_Brand,847.46,5699.75
2023-12-18,Los_Angeles,Search_Generic,739.79,6397.36
2023-12-18,Los_Angeles,Facebook,22077.65,2916.24
2023-12-18,Los_Angeles,Instagram,16842.25,2434.16
2023-12-18,Los_Angeles,YouTube,13345.96,2739.45
2023-12-18,Los_Angeles,Display,53019.08,2446.62
2023-12-18,Los_Angeles,Email,7605.95,438.16
2023-12-18,Chicago,TV_National,31.04,12368.77
2023-12-18,Chicago,Search_Brand,1146.12,6943.68
2023-12-18,Chicago,Search_Generic,828.65,6354.09
2023-12-18,Chicago,Facebook,31909.75,4883.64
2023-12-18,Chicago,Instagram,27275.12,3536.98
2023-12-18,Chicago,YouTube,15849.08,3076.24
2023-12-18,Chicago,Display,54064.38,2817.79
2023-12-18,Chicago,Email,14424.86,544.31
2023-12-18,Houston,TV_National,60.93,17572.8
2023-12-18,Houston,Search_Brand,1301.73,8522.3
2023-12-18,Houston,Search_Generic,1040.12,7650.37
2023-12-18,Houston,Facebook,36487.99,5106.11
2023-12-18,Houston,Instagram,38745.79,5186.43
2023-12-18,Houston,YouTube,26850.45,5498.89
2023-12-18,Houston,Display,68469.48,3329.19
2023-12-18,Houston,Email,10652.07,515.91
2023-12-18,Phoenix,TV_National,56.63,18097.39
2023-12-18,Phoenix,Search_Brand,1780.54,11522.63
2023-12-18,Phoenix,Search_Generic,1041.17,7027.61
2023-12-18,Phoenix,Facebook,49756.86,7627.13
2023-12-18,Phoenix,Instagram,27391.15,3890.73
2023-12-18,Phoenix,YouTube,26486.28,5237.66
2023-12-18,Phoenix,Display,54232.59,3314.46
2023-12-18,Phoenix,Email,12810.22,660.39
2023-12-25,New_York,TV_National,28.72,9237.59
2023-12-25,New_York,Search_Brand,714.01,5762.8
2023-12-25,New_York,Search_Generic,533.27,4090.29
2023-12-25,New_York,Facebook,22475.99,3185.33
2023-12-25,New_York,Instagram,15978.67,2325.37
2023-12-25,New_York,YouTube,10948.16,1899.67
2023-12-25,New_York,Display,28144.11,1376.37
2023-12-25,New_York,Email,6078.66,336.97
2023-12-25,Los_Angeles,TV_National,39.69,12629.17
2023-12-25,Los_Angeles,Search_Brand,912.43,6039.08
2023-12-25,Los_Angeles,Search_Generic,455.01,3689.02
2023-12-25,Los_Angeles,Facebook,36062.85,4714.93
2023-12-25,Los_Angeles,Instagram,19539.29,2669.8
2023-12-25,Los_Angeles,YouTube,16875.95,2947.02
2023-12-25,Los_Angeles,Display,38236.46,1868.01
2023-12-25,Los_Angeles,Email,8460.33,457.21
2023-12-25,Chicago,TV_National,53.12,18572.2
2023-12-25,Chicago,Search_Brand,1446.72,10011.01
2023-12-25,Chicago,Search_Generic,625.78,5669.79
2023-12-25,Chicago,Facebook,28874.11,4576.87
2023-12-25,Chicago,Instagram,22060.64,3131.19
2023-12-25,Chicago,YouTube,23102.91,4525.65
2023-12-25,Chicago,Display,45989.81,2565.72
2023-12-25,Chicago,Email,10279.4,429.36
2023-12-25,Houston,TV_National,62.89,15986.16
2023-12-25,Houston,Search_Brand,1377.19,9179.16
2023-12-25,Houston,Search_Generic,1269.41,8383.52
2023-12-25,Houston,Facebook,39403.52,5851.92
2023-12-25,Houston,Instagram,30515.56,4130.21
2023-12-25,Houston,YouTube,27215.98,5440.89
2023-12-25,Houston,Display,76910.72,3264.4
2023-12-25,Houston,Email,12999.36,630.02
2023-12-25,Phoenix,TV_National,42.84,16721.34
2023-12-25,Phoenix,Search_Brand,1763.97,11871.85
2023-12-25,Phoenix,Search_Generic,1062.33,7775.78
2023-12-25,Phoenix,Facebook,54355.06,6936.86
2023-12-25,Phoenix,Instagram,32903.28,4963.7
2023-12-25,Phoenix,YouTube,31785.69,6496.68
2023-12-25,Phoenix,Display,72221.28,3787.64
2023-12-25,Phoenix,Email,12807.11,634.99
2024-01-01,New_York,TV_National,31.12,8899.42
2024-01-01,New_York,Search_Brand,568.02,4550.13
2024-01-01,New_York,Search_Generic,480.63,3329.61
2024-01-01,New_York,Facebook,19338.82,2831.6
2024-01-01,New_York,Instagram,15984.93,2403.03
2024-01-01,New_York,YouTube,9246.64,1879.27
2024-01-01,New_York,Display,24997.69,1376.68
2024-01-01,New_York,Email,6058.37,288.39
2024-01-01,Los_Angeles,TV_National,41.92,12196.17
2024-01-01,Los_Angeles,Search_Brand,1239.25,8549.88
2024-01-01,Los_Angeles,Search_Generic,645.42,5093.56
2024-01-01,Los_Angeles,Facebook,23673.79,3585.68
2024-01-01,Los_Angeles,Instagram,19638.16,2652.27
2024-01-01,Los_Angeles,YouTube,21562.47,4632.61
2024-01-01,Los_Angeles,Display,38003.64,1912.21
2024-01-01,Los_Angeles,Email,8870.89,432.01
2024-01-01,Chicago,TV_National,49.29,18845.83
2024-01-01,Chicago,Search_Brand,827.22,5795.2
2024-01-01,Chicago,Search_Generic,835.7,7330.04
2024-01-01,Chicago,Facebook,24457.78,3299.99
2024-01-01,Chicago,Instagram,24095.63,3761.95
2024-01-01,Chicago,YouTube,16225.01,3575.45
2024-01-01,Chicago,Display,49481.5,2633.99
2024-01-01,Chicago,Email,8388.48,557.99
2024-01-01,Houston,TV_National,49.44,16598.39
2024-01-01,Houston,Search_Brand,1376.92,9686.89
2024-01-01,Houston,Search_Generic,942.12,8509.81
2024-01-01,Houston,Facebook,46889.25,6334.71
2024-01-01,Houston,Instagram,39605.95,5818.5
2024-01-01,Houston,YouTube,22060.7,5284.33
2024-01-01,Houston,Display,47822.21,2197.41
2024-01-01,Houston,Email,14145.34,628.64
2024-01-01,Phoenix,TV_National,63.45,18071.6
2024-01-01,Phoenix,Search_Brand,2452.03,15674.99
2024-01-01,Phoenix,Search_Generic,1235.53,9258.56
2024-01-01,Phoenix,Facebook,46879.25,5848.05
2024-01-01,Phoenix,Instagram,35516.51,4727.69
2024-01-01,Phoenix,YouTube,20814.15,4683.95
2024-01-01,Phoenix,Display,88664.35,4589.89
2024-01-01,Phoenix,Email,18266.26,920.49
2024-01-08,New_York,TV_National,24.56,6738.09
2024-01-08,New_York,Search_Brand,697.48,4336.07
2024-01-08,New_York,Search_Generic,407.52,3566.38
2024-01-08,New_York,Facebook,26459.78,3034.64
2024-01-08,New_York,Instagram,15848.63,2231.61
2024-01-08,New_York,YouTube,14212.36,2783.22
2024-01-08,New_York,Display,27393.39,1527.65
2024-01-08,New_York,Email,6802.01,306.65
2024-01-08,Los_Angeles,TV_National,41.41,10773.68
2024-01-08,Los_Angeles,Search_Brand,881.84,6424.7
2024-01-08,Los_Angeles,Search_Generic,735.13,5673.86
2024-01-08,Los_Angeles,Facebook,31017.9,4562.32
2024-01-08,Los_Angeles,Instagram,21194.1,2824.28
2024-01-08,Los_Angeles,YouTube,13933.26,3402.1
2024-01-08,Los_Angeles,Display,37759.7,1720.42
2024-01-08,Los_Angeles,Email,7575.02,399.12
2024-01-08,Chicago,TV_National,37.94,12678.29
2024-01-08,Chicago,Search_Brand,908.96,6121.45
2024-01-08,Chicago,Search_Generic,688.02,5683.81
2024-01-08,Chicago,Facebook,37231.44,5128.67
2024-01-08,Chicago,Instagram,30486.81,4964.78
2024-01-08,Chicago,YouTube,27182.59,4932.41
2024-01-08,Chicago,Display,47045.24,2304.94
2024-01-08,Chicago,Email,9856.55,483.76
2024-01-08,Houston,TV_National,83.83,23669.87
2024-01-08,Houston,Search_Brand,1561.06,10864.67
2024-01-08,Houston,Search_Generic,789.14,6043.2
2024-01-08,Houston,Facebook,45304.47,7539.92
2024-01-08,Houston,Instagram,27194.71,3759.49
2024-01-08,Houston,YouTube,20056.73,4342.19
2024-01-08,Houston,Display,51506.32,2952.15
2024-01-08,Houston,Email,11665.0,543.63
2024-01-08,Phoenix,TV_National,51.85,18251.49
2024-01-08,Phoenix,Search_Brand,1739.01,10775.12
2024-01-08,Phoenix,Search_Generic,1097.64,8623.78
2024-01-08,Phoenix,Facebook,43804.35,7451.34
2024-01-08,Phoenix,Instagram,41418.48,5580.46
2024-01-08,Phoenix,YouTube,30791.25,5568.91
2024-01-08,Phoenix,Display,69964.75,3125.11
2024-01-08,Phoenix,Email,14649.5,757.55
2024-01-15,New_York,TV_National,29.2,8855.87
2024-01-15,New_York,Search_Brand,766.21,5688.78
2024-01-15,New_York,Search_Generic,468.66,3168.93
2024-01-15,New_York,Facebook,20740.38,2707.75
2024-01-15,New_York,Instagram,18349.88,2674.31
2024-01-15,New_York,YouTube,11688.19,2623.5
2024-01-15,New_York,Display,33824.54,1657.83
2024-01-15,New_York,Email,5959.55,317.85
2024-01-15,Los_Angeles,TV_National,33.37,9519.6
2024-01-15,Los_Angeles,Search_Brand,694.57,4779.79
2024-01-15,Los_Angeles,Search_Generic,764.67,5626.02
2024-01-15,Los_Angeles,Facebook,42291.05,5452.94
2024-01-15,Los_Angeles,Instagram,18504.01,2583.5
2024-01-15,Los_Angeles,YouTube,13802.84,3233.79
2024-01-15,Los_Angeles,Display,33426.6,1767.73
2024-01-15,Los_Angeles,Email,6027.71,299.96
2024-01-15,Chicago,TV_National,42.22,14974.02
2024-01-15,Chicago,Search_Brand,1419.31,8808.35
2024-01-15,Chicago,Search_Generic,830.38,6433.0
2024-01-15,Chicago,Facebook,42423.97,5662.02
2024-01-15,Chicago,Instagram,24981.92,3798.1
2024-01-15,Chicago,YouTube,24346.73,4320.67
2024-01-15,Chicago,Display,58437.02,2368.89
2024-01-15,Chicago,Email,9608.12,478.85
2024-01-15,Houston,TV_National,58.16,17063.82
2024-01-15,Houston,Search_Brand,1100.94,7751.54
2024-01-15,Houston,Search_Generic,866.2,6409.14
2024-01-15,Houston,Facebook,54538.06,7303.75
2024-01-15,Houston,Instagram,27034.59,3085.76
2024-01-15,Houston,YouTube,24340.88,5261.25
2024-01-15,Houston,Display,65561.87,3220.84
2024-01-15,Houston,Email,11613.09,569.28
2024-01-15,Phoenix,TV_National,64.89,20271.81
2024-01-15,Phoenix,Search_Brand,1388.76,10684.58
2024-01-15,Phoenix,Search_Generic,1283.47,9078.75
2024-01-15,Phoenix,Facebook,60756.57,7996.25
2024-01-15,Phoenix,Instagram,36838.97,5439.66
2024-01-15,Phoenix,YouTube,29318.89,6716.36
2024-01-15,Phoenix,Display,58721.41,3233.26
2024-01-15,Phoenix,Email,19128.4,870.37
2024-01-22,New_York,TV_National,35.46,9555.89
2024-01-22,New_York,Search_Brand,644.87,4151.88
2024-01-22,New_York,Search_Generic,506.0,3486.84
2024-01-22,New_York,Facebook,19601.02,2910.04
2024-01-22,New_York,Instagram,17525.21,2247.71
2024-01-22,New_York,YouTube,10648.13,2142.67
2024-01-22,New_York,Display,19677.23,1263.06
2024-01-22,New_York,Email,6485.42,305.11
2024-01-22,Los_Angeles,TV_National,34.84,12702.84
2024-01-22,Los_Angeles,Search_Brand,742.54,6179.76
2024-01-22,Los_Angeles,Search_Generic,717.61,5999.52
2024-01-22,Los_Angeles,Facebook,37815.18,4914.62
2024-01-22,Los_Angeles,Instagram,15878.62,2489.64
2024-01-22,Los_Angeles,YouTube,15773.33,3432.59
2024-01-22,Los_Angeles,Display,39392.6,2067.06
2024-01-22,Los_Angeles,Email,4986.98,311.66
2024-01-22,Chicago,TV_National,50.68,16081.67
2024-01-22,Chicago,Search_Brand,1227.0,7630.13
2024-01-22,Chicago,Search_Generic,961.99,7414.24
2024-01-22,Chicago,Facebook,36230.44,4923.28
2024-01-22,Chicago,Instagram,21612.63,2959.0
2024-01-22,Chicago,YouTube,24098.88,4502.82
2024-01-22,Chicago,Display,35909.49,1937.51
2024-01-22,Chicago,Email,9174.81,454.18
2024-01-22,Houston,TV_National,78.54,20286.28
2024-01-22,Houston,Search_Brand,1333.89,9346.29
2024-01-22,Houston,Search_Generic,1232.13,8970.97
2024-01-22,Houston,Facebook,54825.3,7609.28
2024-01-22,Houston,Instagram,23145.0,3702.39
2024-01-22,Houston,YouTube,21306.11,3988.24
2024-01-22,Houston,Display,90471.22,3759.79
2024-01-22,Houston,Email,16040.52,713.98
2024-01-22,Phoenix,TV_National,60.44,20355.47
2024-01-22,Phoenix,Search_Brand,2104.13,13453.72
2024-01-22,Phoenix,Search_Generic,1251.09,9026.62
2024-01-22,Phoenix,Facebook,61837.48,7769.59
2024-01-22,Phoenix,Instagram,47458.12,6292.21
2024-01-22,Phoenix,YouTube,35385.81,6722.55
2024-01-22,Phoenix,Display,74500.52,3453.6
2024-01-22,Phoenix,Email,13344.47,600.48
2024-01-29,New_York,TV_National,25.47,7425.23
2024-01-29,New_York,Search_Brand,661.6,4173.19
2024-01-29,New_York,Search_Generic,401.84,3534.89
2024-01-29,New_York,Facebook,20835.79,3153.63
2024-01-29,New_York,Instagram,16897.94,2365.4
2024-01-29,New_York,YouTube,11419.24,2513.36
2024-01-29,New_York,Display,25887.77,1355.14
2024-01-29,New_York,Email,7963.27,336.68
2024-01-29,Los_Angeles,TV_National,40.18,10823.71
2024-01-29,Los_Angeles,Search_Brand,626.2,4704.2
2024-01-29,Los_Angeles,Search_Generic,492.75,4230.87
2024-01-29,Los_Angeles,Facebook,23419.63,3210.3
2024-01-29,Los_Angeles,Instagram,20474.32,2759.69
2024-01-29,Los_Angeles,YouTube,18547.41,3612.25
2024-01-29,Los_Angeles,Display,44620.76,2246.61
2024-01-29,Los_Angeles,Email,7574.46,340.71
2024-01-29,Chicago,TV_National,43.19,14229.4
2024-01-29,Chicago,Search_Brand,1105.15,8071.84
2024-01-29,Chicago,Search_Generic,805.96,5840.24
2024-01-29,Chicago,Facebook,34933.4,5459.28
2024-01-29,Chicago,Instagram,26810.15,3371.08
2024-01-29,Chicago,YouTube,27476.36,4465.5
2024-01-29,Chicago,Display,69345.32,3092.37
2024-01-29,Chicago,Email,9083.12,420.76
2024-01-29,Houston,TV_National,59.07,18725.15
2024-01-29,Houston,Search_Brand,1702.04,10323.54
2024-01-29,Houston,Search_Generic,993.94,8139.0
2024-01-29,Houston,Facebook,46188.98,7032.83
2024-01-29,Houston,Instagram,31526.43,4549.64
2024-01-29,Houston,YouTube,26293.18,4870.75
2024-01-29,Houston,Display,65385.24,2691.35
2024-01-29,Houston,Email,9019.95,478.77
2024-01-29,Phoenix,TV_National,82.95,23473.78
2024-01-29,Phoenix,Search_Brand,1739.87,11665.93
2024-01-29,Phoenix,Search_Generic,1230.76,9446.5
2024-01-29,Phoenix,Facebook,69446.88,9122.26
2024-01-29,Phoenix,Instagram,38301.38,5906.12
2024-01-29,Phoenix,YouTube,28391.21,5851.44
2024-01-29,Phoenix,Display,65989.87,3182.77
2024-01-29,Phoenix,Email,14581.89,682.84
2024-02-05,New_York,TV_National,34.39,8687.27
2024-02-05,New_York,Search_Brand,729.16,4755.63
2024-02-05,New_York,Search_Generic,578.63,4594.57
2024-02-05,New_York,Facebook,23918.15,3863.78
2024-02-05,New_York,Instagram,21167.05,2959.2
2024-02-05,New_York,YouTube,12069.6,2487.23
2024-02-05,New_York,Display,36207.02,1919.31
2024-02-05,New_York,Email,5943.9,303.85
2024-02-05,Los_Angeles,TV_National,47.01,11755.22
2024-02-05,Los_Angeles,Search_Brand,1119.99,6870.75
2024-02-05,Los_Angeles,Search_Generic,699.5,5789.07
2024-02-05,Los_Angeles,Facebook,35362.3,4670.83
2024-02-05,Los_Angeles,Instagram,25603.76,3181.38
2024-02-05,Los_Angeles,YouTube,23894.36,4359.31
2024-02-05,Los_Angeles,Display,39168.84,2181.76
2024-02-05,Los_Angeles,Email,8696.86,426.39
2024-02-05,Chicago,TV_National,51.97,19372.83
2024-02-05,Chicago,Search_Brand,1448.99,9508.42
2024-02-05,Chicago,Search_Generic,1039.05,6848.85
2024-02-05,Chicago,Facebook,50581.58,6338.6
2024-02-05,Chicago,Instagram,31632.43,4032.24
2024-02-05,Chicago,YouTube,34678.33,6083.06
2024-02-05,Chicago,Display,49244.0,2525.46
2024-02-05,Chicago,Email,11866.14,564.98
2024-02-05,Houston,TV_National,73.64,24025.42
2024-02-05,Houston,Search_Brand,1431.34,11678.23
2024-02-05,Houston,Search_Generic,1363.45,10763.5
2024-02-05,Houston,Facebook,49445.55,7285.8
2024-02-05,Houston,Instagram,32302.31,6006.1
2024-02-05,Houston,YouTube,28524.64,5765.62
2024-02-05,Houston,Display,80214.92,3374.86
2024-02-05,Houston,Email,13664.14,632.46
2024-02-05,Phoenix,TV_National,101.72,26899.73
2024-02-05,Phoenix,Search_Brand,1715.28,12304.82
2024-02-05,Phoenix,Search_Generic,1672.68,12022.72
2024-02-05,Phoenix,Facebook,44714.83,6741.79
2024-02-05,Phoenix,Instagram,48971.47,6305.04
2024-02-05,Phoenix,YouTube,22943.86,6141.31
2024-02-05,Phoenix,Display,81377.81,4596.99
2024-02-05,Phoenix,Email,9462.91,628.06
2024-02-12,New_York,TV_National,38.91,11524.61
2024-02-12,New_York,Search_Brand,906.39,5258.95
2024-02-12,New_York,Search_Generic,703.58,4489.3
2024-02-12,New_York,Facebook,19246.33,2758.99
2024-02-12,New_York,Instagram,13036.7,1867.49
2024-02-12,New_York,YouTube,13949.43,2620.43
2024-02-12,New_York,Display,36435.22,1711.66
2024-02-12,New_York,Email,9373.92,377.84
2024-02-12,Los_Angeles,TV_National,40.59,13377.14
2024-02-12,Los_Angeles,Search_Brand,1074.44,7761.26
2024-02-12,Los_Angeles,Search_Generic,908.12,7006.55
2024-02-12,Los_Angeles,Facebook,28679.18,4294.75
2024-02-12,Los_Angeles,Instagram,25627.22,3644.86
2024-02-12,Los_Angeles,YouTube,20061.62,3396.81
2024-02-12,Los_Angeles,Display,41262.14,2055.78
2024-02-12,Los_Angeles,Email,8759.06,515.56
2024-02-12,Chicago,TV_National,57.54,19183.35
2024-02-12,Chicago,Search_Brand,1467.3,10770.51
2024-02-12,Chicago,Search_Generic,1179.76,7921.88
2024-02-12,Chicago,Facebook,48601.21,6770.72
2024-02-12,Chicago,Instagram,27125.98,4022.97
2024-02-12,Chicago,YouTube,27671.18,5935.21
2024-02-12,Chicago,Display,54432.06,2546.41
2024-02-12,Chicago,Email,9603.35,528.02
2024-02-12,Houston,TV_National,55.44,17454.87
2024-02-12,Houston,Search_Brand,1754.76,11417.46
2024-02-12,Houston,Search_Generic,1405.44,9999.8
2024-02-12,Houston,Facebook,48183.03,7021.08
2024-02-12,Houston,Instagram,44290.3,5459.71
2024-02-12,Houston,YouTube,28102.98,5890.56
2024-02-12,Houston,Display,53875.83,3112.64
2024-02-12,Houston,Email,16918.92,798.44
2024-02-12,Phoenix,TV_National,91.5,27806.87
2024-02-12,Phoenix,Search_Brand,2400.26,16795.48
2024-02-12,Phoenix,Search_Generic,1563.46,11771.46
2024-02-12,Phoenix,Facebook,57626.17,7758.69
2024-02-12,Phoenix,Instagram,46835.75,6327.07
2024-02-12,Phoenix,YouTube,34286.89,6883.41
2024-02-12,Phoenix,Display,136911.22,6081.03
2024-02-12,Phoenix,Email,19159.86,947.34
2024-02-19,New_York,TV_National,41.65,11863.44
2024-02-19,New_York,Search_Brand,794.72,5461.43
2024-02-19,New_York,Search_Generic,391.42,4030.78
2024-02-19,New_York,Facebook,23392.8,3509.12
2024-02-19,New_York,Instagram,21629.29,3022.25
2024-02-19,New_York,YouTube,11321.88,2275.7
2024-02-19,New_York,Display,30471.23,1453.12
2024-02-19,New_York,Email,7817.37,355.17
2024-02-19,Los_Angeles,TV_National,41.66,12456.08
2024-02-19,Los_Angeles,Search_Brand,980.7,6095.07
2024-02-19,Los_Angeles,Search_Generic,849.64,6064.07
2024-02-19,Los_Angeles,Facebook,34119.17,4676.14
2024-02-19,Los_Angeles,Instagram,28899.04,4162.87
2024-02-19,Los_Angeles,YouTube,17127.88,3818.59
2024-02-19,Los_Angeles,Display,41444.55,2052.06
2024-02-19,Los_Angeles,Email,10754.65,551.69
2024-02-19,Chicago,TV_National,55.14,17229.38
2024-02-19,Chicago,Search_Brand,1357.38,8786.19
2024-02-19,Chicago,Search_Generic,864.43,5703.75
2024-02-19,Chicago,Facebook,40515.25,5384.79
2024-02-19,Chicago,Instagram,26290.65,3442.56
2024-02-19,Chicago,YouTube,27354.95,5264.78
2024-02-19,Chicago,Display,52550.09,2562.75
2024-02-19,Chicago,Email,9716.29,498.25
2024-02-19,Houston,TV_National,91.31,25294.11
2024-02-19,Houston,Search_Brand,1576.53,11586.36
2024-02-19,Houston,Search_Generic,1276.02,9551.58
2024-02-19,Houston,Facebook,38616.24,5101.32
2024-02-19,Houston,Instagram,40592.99,5039.15
2024-02-19,Houston,YouTube,17847.81,4904.3
2024-02-19,Houston,Display,77567.71,3766.94
2024-02-19,Houston,Email,10167.98,560.66
2024-02-19,Phoenix,TV_National,124.63,38550.19
2024-02-19,Phoenix,Search_Brand,2133.0,15175.98
2024-02-19,Phoenix,Search_Generic,977.18,7454.68
2024-02-19,Phoenix,Facebook,54934.84,8168.01
2024-02-19,Phoenix,Instagram,42894.12,5848.56
2024-02-19,Phoenix,YouTube,29295.75,6648.59
2024-02-19,Phoenix,Display,75236.9,4571.52
2024-02-19,Phoenix,Email,13458.05,624.96
2024-02-26,New_York,TV_National,36.48,11006.0
2024-02-26,New_York,Search_Brand,616.65,4412.59
2024-02-26,New_York,Search_Generic,445.83,3922.33
2024-02-26,New_York,Facebook,22738.61,3043.24
2024-02-26,New_York,Instagram,20193.6,2948.2
2024-02-26,New_York,YouTube,12580.36,3046.84
2024-02-26,New_York,Display,34635.65,1876.76
2024-02-26,New_York,Email,6946.58,356.04
2024-02-26,Los_Angeles,TV_National,52.22,17097.01
2024-02-26,Los_Angeles,Search_Brand,1198.78,8218.39
2024-02-26,Los_Angeles,Search_Generic,717.14,5478.36
2024-02-26,Los_Angeles,Facebook,28785.69,4118.04
2024-02-26,Los_Angeles,Instagram,23721.79,3241.89
2024-02-26,Los_Angeles,YouTube,20511.77,3787.71
2024-02-26,Los_Angeles,Display,48340.91,2684.81
2024-02-26,Los_Angeles,Email,9459.87,532.57
2024-02-26,Chicago,TV_National,69.14,19495.47
2024-02-26,Chicago,Search_Brand,1082.07,7147.03
2024-02-26,Chicago,Search_Generic,822.55,6655.47
2024-02-26,Chicago,Facebook,47777.81,7286.47
2024-02-26,Chicago,Instagram,26560.95,3690.49
2024-02-26,Chicago,YouTube,26006.83,5275.57
2024-02-26,Chicago,Display,74741.05,3543.8
2024-02-26,Chicago,Email,8140.57,429.16
2024-02-26,Houston,TV_National,69.67,19923.17
2024-02-26,Houston,Search_Brand,1509.24,7797.7
2024-02-26,Houston,Search_Generic,1270.62,9388.85
2024-02-26,Houston,Facebook,76329.38,8626.01
2024-02-26,Houston,Instagram,45262.48,5763.15
2024-02-26,Houston,YouTube,29057.96,5894.43
2024-02-26,Houston,Display,61939.11,3363.66
2024-02-26,Houston,Email,11388.3,651.75
2024-02-26,Phoenix,TV_National,71.01,25211.44
2024-02-26,Phoenix,Search_Brand,2091.65,13995.1
2024-02-26,Phoenix,Search_Generic,1319.58,10427.31
2024-02-26,Phoenix,Facebook,108149.76,13485.23
2024-02-26,Phoenix,Instagram,36093.38,4936.76
2024-02-26,Phoenix,YouTube,28042.23,6207.27
2024-02-26,Phoenix,Display,72592.54,3476.09
2024-02-26,Phoenix,Email,16908.03,767.42
2024-03-04,New_York,TV_National,53.27,13929.01
2024-03-04,New_York,Search_Brand,885.91,5631.86
2024-03-04,New_York,Search_Generic,671.1,5277.67
2024-03-04,New_York,Facebook,29294.24,3562.74
2024-03-04,New_York,Instagram,22053.11,2897.2
2024-03-04,New_York,YouTube,12520.27,2828.76
2024-03-04,New_York,Display,36272.5,1836.26
2024-03-04,New_York,Email,6812.94,340.98
2024-03-04,Los_Angeles,TV_National,38.17,12808.19
2024-03-04,Los_Angeles,Search_Brand,1550.61,9731.7
2024-03-04,Los_Angeles,Search_Generic,749.47,6223.22
2024-03-04,Los_Angeles,Facebook,31792.2,4714.47
2024-03-04,Los_Angeles,Instagram,33237.82,4240.8
2024-03-04,Los_Angeles,YouTube,18196.21,4084.2
2024-03-04,Los_Angeles,Display,52728.51,2862.73
2024-03-04,Los_Angeles,Email,11619.5,508.86
2024-03-04,Chicago,TV_National,80.51,23773.93
2024-03-04,Chicago,Search_Brand,1417.86,9254.65
2024-03-04,Chicago,Search_Generic,1265.12,9851.56
2024-03-04,Chicago,Facebook,68289.9,8572.65
2024-03-04,Chicago,Instagram,46313.44,6288.96
2024-03-04,Chicago,YouTube,35224.15,6115.8
2024-03-04,Chicago,Display,71199.15,3742.94
2024-03-04,Chicago,Email,13405.05,654.45
2024-03-04,Houston,TV_National,69.04,21012.01
2024-03-04,Houston,Search_Brand,1931.52,16031.44
2024-03-04,Houston,Search_Generic,1915.34,12839.93
2024-03-04,Houston,Facebook,58636.11,7933.56
2024-03-04,Houston,Instagram,48085.24,5952.81
2024-03-04,Houston,YouTube,34252.38,7879.98
2024-03-04,Houston,Display,90937.99,4641.36
2024-03-04,Houston,Email,16003.72,860.63
2024-03-04,Phoenix,TV_National,144.23,38994.4
2024-03-04,Phoenix,Search_Brand,1879.57,14319.51
2024-03-04,Phoenix,Search_Generic,1577.12,11325.49
2024-03-04,Phoenix,Facebook,82256.25,10366.88
2024-03-04,Phoenix,Instagram,62020.68,7880.55
2024-03-04,Phoenix,YouTube,36560.85,8402.0
2024-03-04,Phoenix,Display,107966.87,4855.36
2024-03-04,Phoenix,Email,20870.0,992.3
2024-03-11,New_York,TV_National,34.4,11439.75
2024-03-11,New_York,Search_Brand,971.98,6282.68
2024-03-11,New_York,Search_Generic,566.54,4350.38
2024-03-11,New_York,Facebook,27199.8,3474.24
2024-03-11,New_York,Instagram,22127.9,2679.02
2024-03-11,New_York,YouTube,19961.32,4024.75
2024-03-11,New_York,Display,27911.04,1719.24
2024-03-11,New_York,Email,5591.53,320.75
2024-03-11,Los_Angeles,TV_National,68.42,20290.05
2024-03-11,Los_Angeles,Search_Brand,1120.79,9329.6
2024-03-11,Los_Angeles,Search_Generic,803.47,5514.47
2024-03-11,Los_Angeles,Facebook,39604.94,5741.75
2024-03-11,Los_Angeles,Instagram,35250.94,4190.41
2024-03-11,Los_Angeles,YouTube,21430.67,4256.5
2024-03-11,Los_Angeles,Display,71911.32,2830.6
2024-03-11,Los_Angeles,Email,8596.15,401.42
2024-03-11,Chicago,TV_National,72.82,20641.47
2024-03-11,Chicago,Search_Brand,1514.81,10148.32
2024-03-11,Chicago,Search_Generic,1701.2,9345.95
2024-03-11,Chicago,Facebook,50816.4,7902.0
2024-03-11,Chicago,Instagram,31388.53,4598.23
2024-03-11,Chicago,YouTube,20694.11,4277.72
2024-03-11,Chicago,Display,68785.74,3906.68
2024-03-11,Chicago,Email,17203.4,819.22
2024-03-11,Houston,TV_National,75.07,22840.69
2024-03-11,Houston,Search_Brand,2790.03,17284.64
2024-03-11,Houston,Search_Generic,1329.81,10213.45
2024-03-11,Houston,Facebook,57184.98,8598.24
2024-03-11,Houston,Instagram,38016.09,4339.15
2024-03-11,Houston,YouTube,36215.02,6960.29
2024-03-11,Houston,Display,78292.63,4213.24
2024-03-11,Houston,Email,14088.87,826.62
2024-03-11,Phoenix,TV_National,124.37,42214.36
2024-03-11,Phoenix,Search_Brand,1967.27,13705.45
2024-03-11,Phoenix,Search_Generic,1943.84,14557.67
2024-03-11,Phoenix,Facebook,65924.41,8307.55
2024-03-11,Phoenix,Instagram,58880.89,7811.21
2024-03-11,Phoenix,YouTube,56581.14,8906.68
2024-03-11,Phoenix,Display,129575.39,6939.31
2024-03-11,Phoenix,Email,26512.91,1275.81
2024-03-18,New_York,TV_National,36.4,12932.86
2024-03-18,New_York,Search_Brand,862.72,6238.5
2024-03-18,New_York,Search_Generic,806.57,5434.81
2024-03-18,New_York,Facebook,20467.29,2930.35
2024-03-18,New_York,Instagram,23227.66,3313.15
2024-03-18,New_York,YouTube,18486.95,3569.8
2024-03-18,New_York,Display,40976.43,2105.17
2024-03-18,New_York,Email,5958.4,333.28
2024-03-18,Los_Angeles,TV_National,61.29,18352.45
2024-03-18,Los_Angeles,Search_Brand,1239.2,8619.05
2024-03-18,Los_Angeles,Search_Generic,933.4,6304.67
2024-03-18,Los_Angeles,Facebook,32016.94,5230.26
2024-03-18,Los_Angeles,Instagram,30121.71,4304.33
2024-03-18,Los_Angeles,YouTube,25958.77,4420.77
2024-03-18,Los_Angeles,Display,56439.4,2741.53
2024-03-18,Los_Angeles,Email,9016.8,460.85
2024-03-18,Chicago,TV_National,65.65,23010.52
2024-03-18,Chicago,Search_Brand,1748.92,11542.55
2024-03-18,Chicago,Search_Generic,1250.12,8452.18
2024-03-18,Chicago,Facebook,59727.54,7360.12
2024-03-18,Chicago,Instagram,30566.42,4221.53
2024-03-18,Chicago,YouTube,25481.41,5671.4
2024-03-18,Chicago,Display,101942.29,4039.85
2024-03-18,Chicago,Email,14687.67,698.22
2024-03-18,Houston,TV_National,80.16,25825.34
2024-03-18,Houston,Search_Brand,1446.66,10349.68
2024-03-18,Houston,Search_Generic,1308.79,8277.94
2024-03-18,Houston,Facebook,56493.07,8354.49
2024-03-18,Houston,Instagram,43410.53,6798.92
2024-03-18,Houston,YouTube,30512.55,6061.11
2024-03-18,Houston,Display,104285.79,4959.15
2024-03-18,Houston,Email,17783.55,882.26
2024-03-18,Phoenix,TV_National,108.35,31856.22
2024-03-18,Phoenix,Search_Brand,2065.93,13709.55
2024-03-18,Phoenix,Search_Generic,1373.08,10214.96
2024-03-18,Phoenix,Facebook,83959.64,9304.4
2024-03-18,Phoenix,Instagram,43190.26,6958.24
2024-03-18,Phoenix,YouTube,41292.81,7840.59
2024-03-18,Phoenix,Display,121174.24,6426.58
2024-03-18,Phoenix,Email,17116.65,788.7
2024-03-25,New_York,TV_National,31.13,9755.36
2024-03-25,New_York,Search_Brand,917.2,6157.4
2024-03-25,New_York,Search_Generic,662.8,5322.75
2024-03-25,New_York,Facebook,26835.3,3839.09
2024-03-25,New_York,Instagram,20654.94,2863.54
2024-03-25,New_York,YouTube,18585.35,3416.28
2024-03-25,New_York,Display,44395.28,2121.33
2024-03-25,New_York,Email,6341.6,315.49
2024-03-25,Los_Angeles,TV_National,63.57,17730.5
2024-03-25,Los_Angeles,Search_Brand,1113.91,7931.95
2024-03-25,Los_Angeles,Search_Generic,851.88,6055.42
2024-03-25,Los_Angeles,Facebook,43163.46,6422.65
2024-03-25,Los_Angeles,Instagram,31903.9,4411.73
2024-03-25,Los_Angeles,YouTube,21141.99,4318.73
2024-03-25,Los_Angeles,Display,63553.54,3075.88
2024-03-25,Los_Angeles,Email,14211.43,773.78
2024-03-25,Chicago,TV_National,71.76,22697.11
2024-03-25,Chicago,Search_Brand,1473.02,9830.8
2024-03-25,Chicago,Search_Generic,1530.74,8574.86
2024-03-25,Chicago,Facebook,42571.31,6809.29
2024-03-25,Chicago,Instagram,29631.43,5104.83
2024-03-25,Chicago,YouTube,27660.72,5523.29
2024-03-25,Chicago,Display,86925.16,3943.04
2024-03-25,Chicago,Email,12787.4,649.07
2024-03-25,Houston,TV_National,67.69,22731.7
2024-03-25,Houston,Search_Brand,1881.51,14247.11
2024-03-25,Houston,Search_Generic,1156.93,9584.95
2024-03-25,Houston,Facebook,77367.89,9230.55
2024-03-25,Houston,Instagram,29048.42,4894.7
2024-03-25,Houston,YouTube,33421.43,6673.8
2024-03-25,Houston,Display,84000.11,4391.71
2024-03-25,Houston,Email,17113.51,824.8
2024-03-25,Phoenix,TV_National,96.13,35067.05
2024-03-25,Phoenix,Search_Brand,2319.86,15138.6
2024-03-25,Phoenix,Search_Generic,1657.69,10456.36
2024-03-25,Phoenix,Facebook,63374.05,9090.9
2024-03-25,Phoenix,Instagram,51228.59,7608.86
2024-03-25,Phoenix,YouTube,29050.28,6064.52
2024-03-25,Phoenix,Display,112831.64,5834.88
2024-03-25,Phoenix,Email,19323.74,880.76
2024-04-01,New_York,TV_National,41.6,13132.0
2024-04-01,New_York,Search_Brand,1219.49,7526.86
2024-04-01,New_York,Search_Generic,1142.77,7890.31
2024-04-01,New_York,Facebook,36428.3,5474.12
2024-04-01,New_York,Instagram,19842.92,2760.75
2024-04-01,New_York,YouTube,16786.5,3739.64
2024-04-01,New_York,Display,46631.63,2240.31
2024-04-01,New_York,Email,10213.3,485.55
2024-04-01,Los_Angeles,TV_National,62.81,19821.5
2024-04-01,Los_Angeles,Search_Brand,1246.59,9369.21
2024-04-01,Los_Angeles,Search_Generic,1324.44,9919.95
2024-04-01,Los_Angeles,Facebook,39009.8,6115.23
2024-04-01,Los_Angeles,Instagram,44122.23,6877.01
2024-04-01,Los_Angeles,YouTube,24731.08,4744.75
2024-04-01,Los_Angeles,Display,76166.39,3460.44
2024-04-01,Los_Angeles,Email,17451.3,829.5
2024-04-01,Chicago,TV_National,66.96,20612.13
2024-04-01,Chicago,Search_Brand,2488.18,13488.68
2024-04-01,Chicago,Search_Generic,1177.83,7832.82
2024-04-01,Chicago,Facebook,62950.74,8270.2
2024-04-01,Chicago,Instagram,36436.37,5549.45
2024-04-01,Chicago,YouTube,38476.22,7207.77
2024-04-01,Chicago,Display,93012.63,4656.82
2024-04-01,Chicago,Email,12590.81,735.73
2024-04-01,Houston,TV_National,115.32,33160.07
2024-04-01,Houston,Search_Brand,1923.19,13530.74
2024-04-01,Houston,Search_Generic,1257.26,10936.83
2024-04-01,Houston,Facebook,54038.83,8646.68
2024-04-01,Houston,Instagram,42671.21,6431.97
2024-04-01,Houston,YouTube,37499.62,6126.56
2024-04-01,Houston,Display,109113.91,5897.7
2024-04-01,Houston,Email,21233.6,1018.27
2024-04-01,Phoenix,TV_National,126.69,41248.81
2024-04-01,Phoenix,Search_Brand,3077.93,21675.16
2024-04-01,Phoenix,Search_Generic,1618.99,11294.2
2024-04-01,Phoenix,Facebook,126553.08,13956.72
2024-04-01,Phoenix,Instagram,51507.02,6724.2
2024-04-01,Phoenix,YouTube,46782.4,8651.51
2024-04-01,Phoenix,Display,81294.77,4611.84
2024-04-01,Phoenix,Email,20635.43,1023.66
2024-04-08,New_York,TV_National,44.63,12534.77
2024-04-08,New_York,Search_Brand,1367.43,8585.67
2024-04-08,New_York,Search_Generic,978.12,7037.1
2024-04-08,New_York,Facebook,30746.3,3832.52
2024-04-08,New_York,Instagram,23006.17,2940.58
2024-04-08,New_York,YouTube,24387.72,4659.8
2024-04-08,New_York,Display,33528.52,1837.65
2024-04-08,New_York,Email,11030.93,560.95
2024-04-08,Los_Angeles,TV_National,69.06,19202.84
2024-04-08,Los_Angeles,Search_Brand,1732.77,11234.19
2024-04-08,Los_Angeles,Search_Generic,950.62,7356.11
2024-04-08,Los_Angeles,Facebook,53221.47,7193.62
2024-04-08,Los_Angeles,Instagram,33905.06,4259.88
2024-04-08,Los_Angeles,YouTube,22789.12,4963.0
2024-04-08,Los_Angeles,Display,51181.36,2822.2
2024-04-08,Los_Angeles,Email,13738.03,607.18
2024-04-08,Chicago,TV_National,72.7,21402.76
2024-04-08,Chicago,Search_Brand,1705.78,11671.76
2024-04-08,Chicago,Search_Generic,1004.54,7702.06
2024-04-08,Chicago,Facebook,57774.95,7819.47
2024-04-08,Chicago,Instagram,36920.35,5826.92
2024-04-08,Chicago,YouTube,38691.75,7577.31
2024-04-08,Chicago,Display,82855.49,4146.58
2024-04-08,Chicago,Email,15224.96,744.85
2024-04-08,Houston,TV_National,88.15,31493.42
2024-04-08,Houston,Search_Brand,2109.4,14425.79
2024-04-08,Houston,Search_Generic,1831.26,12189.5
2024-04-08,Houston,Facebook,57984.8,8706.47
2024-04-08,Houston,Instagram,41772.29,6336.16
2024-04-08,Houston,YouTube,40089.91,7423.17
2024-04-08,Houston,Display,87105.44,4172.88
2024-04-08,Houston,Email,14318.55,757.26
2024-04-08,Phoenix,TV_National,129.41,32836.34
2024-04-08,Phoenix,Search_Brand,2125.24,17656.96
2024-04-08,Phoenix,Search_Generic,1367.98,10225.0
2024-04-08,Phoenix,Facebook,91640.05,12609.02
2024-04-08,Phoenix,Instagram,66230.85,8254.91
2024-04-08,Phoenix,YouTube,46395.1,8484.7
2024-04-08,Phoenix,Display,82239.45,4501.44
2024-04-08,Phoenix,Email,17063.7,876.96
2024-04-15,New_York,TV_National,46.21,13704.57
2024-04-15,New_York,Search_Brand,1015.59,7428.64
2024-04-15,New_York,Search_Generic,615.82,5364.71
2024-04-15,New_York,Facebook,38324.45,5643.7
2024-04-15,New_York,Instagram,25054.55,2992.32
2024-04-15,New_York,YouTube,13646.12,3054.38
2024-04-15,New_York,Display,38761.26,1951.26
2024-04-15,New_York,Email,10568.9,490.77
2024-04-15,Los_Angeles,TV_National,74.29,27908.23
2024-04-15,Los_Angeles,Search_Brand,1573.01,11087.56
2024-04-15,Los_Angeles,Search_Generic,871.09,6950.89
2024-04-15,Los_Angeles,Facebook,45720.98,5518.99
2024-04-15,Los_Angeles,Instagram,35967.37,5023.77
2024-04-15,Los_Angeles,YouTube,26634.41,6196.71
2024-04-15,Los_Angeles,Display,41666.3,2590.26
2024-04-15,Los_Angeles,Email,11575.78,569.51
2024-04-15,Chicago,TV_National,82.98,24525.49
2024-04-15,Chicago,Search_Brand,1694.2,10423.02
2024-04-15,Chicago,Search_Generic,1436.69,10013.54
2024-04-15,Chicago,Facebook,43764.24,6060.29
2024-04-15,Chicago,Instagram,32369.38,4715.39
2024-04-15,Chicago,YouTube,35206.49,6977.45
2024-04-15,Chicago,Display,70891.71,3542.36
2024-04-15,Chicago,Email,14355.25,639.77
2024-04-15,Houston,TV_National,106.0,28435.77
2024-04-15,Houston,Search_Brand,2057.26,14452.28
2024-04-15,Houston,Search_Generic,1522.32,10459.61
2024-04-15,Houston,Facebook,65613.61,8788.23
2024-04-15,Houston,Instagram,37875.4,6461.01
2024-04-15,Houston,YouTube,31901.87,7178.84
2024-04-15,Houston,Display,87222.11,4912.42
2024-04-15,Houston,Email,22259.39,1123.15
2024-04-15,Phoenix,TV_National,119.57,33593.07
2024-04-15,Phoenix,Search_Brand,3182.94,21262.32
2024-04-15,Phoenix,Search_Generic,1372.58,12292.49
2024-04-15,Phoenix,Facebook,68280.79,10375.42
2024-04-15,Phoenix,Instagram,56448.51,8180.32
2024-04-15,Phoenix,YouTube,47967.95,10200.06
2024-04-15,Phoenix,Display,128351.77,5701.01
2024-04-15,Phoenix,Email,24065.14,1210.5
2024-04-22,New_York,TV_National,39.45,12608.57
2024-04-22,New_York,Search_Brand,920.58,6478.36
2024-04-22,New_York,Search_Generic,806.25,6182.53
2024-04-22,New_York,Facebook,31384.6,3756.89
2024-04-22,New_York,Instagram,20963.75,3378.31
2024-04-22,New_York,YouTube,17412.04,3444.01
2024-04-22,New_York,Display,53171.31,2970.11
2024-04-22,New_York,Email,12250.4,532.53
2024-04-22,Los_Angeles,TV_National,55.98,17267.47
2024-04-22,Los_Angeles,Search_Brand,1273.29,8663.05
2024-04-22,Los_Angeles,Search_Generic,1075.09,7548.46
2024-04-22,Los_Angeles,Facebook,48382.5,7448.69
2024-04-22,Los_Angeles,Instagram,23493.52,3296.09
2024-04-22,Los_Angeles,YouTube,27106.59,5287.77
2024-04-22,Los_Angeles,Display,60981.43,3011.27
2024-04-22,Los_Angeles,Email,16496.49,793.93
2024-04-22,Chicago,TV_National,72.4,22834.65
2024-04-22,Chicago,Search_Brand,2218.32,12555.99
2024-04-22,Chicago,Search_Generic,1250.59,9398.02
2024-04-22,Chicago,Facebook,58506.25,7488.17
2024-04-22,Chicago,Instagram,56494.7,7560.77
2024-04-22,Chicago,YouTube,32722.43,6520.46
2024-04-22,Chicago,Display,60650.4,2814.77
2024-04-22,Chicago,Email,17146.23,821.36
2024-04-22,Houston,TV_National,84.54,26356.66
2024-04-22,Houston,Search_Brand,2442.98,14704.86
2024-04-22,Houston,Search_Generic,1819.75,11082.15
2024-04-22,Houston,Facebook,64251.13,10427.61
2024-04-22,Houston,Instagram,44917.01,6711.83
2024-04-22,Houston,YouTube,33013.36,5626.72
2024-04-22,Houston,Display,114572.21,5431.16
2024-04-22,Houston,Email,17454.27,1002.06
2024-04-22,Phoenix,TV_National,116.35,32085.9
2024-04-22,Phoenix,Search_Brand,1830.1,15715.82
2024-04-22,Phoenix,Search_Generic,1753.34,13337.81
2024-04-22,Phoenix,Facebook,88362.14,11736.24
2024-04-22,Phoenix,Instagram,64929.55,8857.93
2024-04-22,Phoenix,YouTube,47279.37,11007.02
2024-04-22,Phoenix,Display,132062.23,6202.09
2024-04-22,Phoenix,Email,16432.69,954.88
2024-04-29,New_York,TV_National,38.5,12339.15
2024-04-29,New_York,Search_Brand,1162.41,8240.6
2024-04-29,New_York,Search_Generic,608.88,4854.59
2024-04-29,New_York,Facebook,38132.45,5440.39
2024-04-29,New_York,Instagram,22144.87,3134.58
2024-04-29,New_York,YouTube,20722.97,4467.02
2024-04-29,New_York,Display,57226.51,2801.73
2024-04-29,New_York,Email,11533.21,449.06
2024-04-29,Los_Angeles,TV_National,52.11,16196.2
2024-04-29,Los_Angeles,Search_Brand,1387.88,8411.91
2024-04-29,Los_Angeles,Search_Generic,1540.8,9778.73
2024-04-29,Los_Angeles,Facebook,52156.59,7599.65
2024-04-29,Los_Angeles,Instagram,25331.4,4191.46
2024-04-29,Los_Angeles,YouTube,35984.32,6867.14
2024-04-29,Los_Angeles,Display,67094.85,2937.53
2024-04-29,Los_Angeles,Email,11386.23,546.63
2024-04-29,Chicago,TV_National,83.62,23532.68
2024-04-29,Chicago,Search_Brand,1655.21,12757.76
2024-04-29,Chicago,Search_Generic,1446.74,9770.13
2024-04-29,Chicago,Facebook,60625.24,8014.8
2024-04-29,Chicago,Instagram,34317.47,4817.08
2024-04-29,Chicago,YouTube,31594.66,5864.12
2024-04-29,Chicago,Display,86659.64,4044.06
2024-04-29,Chicago,Email,20310.49,947.66
2024-04-29,Houston,TV_National,92.16,30551.33
2024-04-29,Houston,Search_Brand,2223.28,15633.47
2024-04-29,Houston,Search_Generic,1430.73,11139.98
2024-04-29,Houston,Facebook,48570.46,8438.79
2024-04-29,Houston,Instagram,45077.47,6189.98
2024-04-29,Houston,YouTube,31991.3,6388.23
2024-04-29,Houston,Display,143992.2,6499.47
2024-04-29,Houston,Email,26013.6,1250.79
2024-04-29,Phoenix,TV_National,127.44,41103.19
2024-04-29,Phoenix,Search_Brand,1905.35,16704.86
2024-04-29,Phoenix,Search_Generic,2564.39,16487.3
2024-04-29,Phoenix,Facebook,72232.16,10584.29
2024-04-29,Phoenix,Instagram,53355.18,7189.29
2024-04-29,Phoenix,YouTube,45745.99,10891.07
2024-04-29,Phoenix,Display,118947.32,6114.21
2024-04-29,Phoenix,Email,24493.38,1169.73
2024-05-06,New_York,TV_National,48.48,14696.88
2024-05-06,New_York,Search_Brand,1290.57,7808.21
2024-05-06,New_York,Search_Generic,877.7,6439.1
2024-05-06,New_York,Facebook,28068.92,4164.56
2024-05-06,New_York,Instagram,28941.06,4036.5
2024-05-06,New_York,YouTube,26552.63,4450.6
2024-05-06,New_York,Display,59438.68,2944.38
2024-05-06,New_York,Email,7231.14,466.74
2024-05-06,Los_Angeles,TV_National,65.39,20268.37
2024-05-06,Los_Angeles,Search_Brand,1736.3,11754.85
2024-05-06,Los_Angeles,Search_Generic,884.38,7924.59
2024-05-06,Los_Angeles,Facebook,44180.66,6017.74
2024-05-06,Los_Angeles,Instagram,44379.54,6274.03
2024-05-06,Los_Angeles,YouTube,32021.93,5822.53
2024-05-06,Los_Angeles,Display,63646.19,3067.69
2024-05-06,Los_Angeles,Email,13521.26,620.05
2024-05-06,Chicago,TV_National,92.95,27063.66
2024-05-06,Chicago,Search_Brand,2019.94,12547.02
2024-05-06,Chicago,Search_Generic,1744.04,14467.4
2024-05-06,Chicago,Facebook,60037.91,8380.48
2024-05-06,Chicago,Instagram,46913.87,6945.93
2024-05-06,Chicago,YouTube,26420.18,4612.5
2024-05-06,Chicago,Display,83032.78,4942.14
2024-05-06,Chicago,Email,18834.67,805.05
2024-05-06,Houston,TV_National,146.15,39917.19
2024-05-06,Houston,Search_Brand,2523.86,16686.7
2024-05-06,Houston,Search_Generic,1880.67,12600.14
2024-05-06,Houston,Facebook,60641.47,9390.03
2024-05-06,Houston,Instagram,62026.9,8722.37
2024-05-06,Houston,YouTube,49251.43,10534.46
2024-05-06,Houston,Display,96848.92,5310.37
2024-05-06,Houston,Email,18493.55,1072.02
2024-05-06,Phoenix,TV_National,101.43,35128.45
2024-05-06,Phoenix,Search_Brand,3604.47,22368.11
2024-05-06,Phoenix,Search_Generic,1776.8,11661.89
2024-05-06,Phoenix,Facebook,128852.35,18322.99
2024-05-06,Phoenix,Instagram,75887.19,8010.09
2024-05-06,Phoenix,YouTube,41429.94,8269.34
2024-05-06,Phoenix,Display,148055.52,6471.06
2024-05-06,Phoenix,Email,25299.6,1329.66
2024-05-13,New_York,TV_National,42.22,13107.55
2024-05-13,New_York,Search_Brand,1044.86,6932.48
2024-05-13,New_York,Search_Generic,638.04,5556.37
2024-05-13,New_York,Facebook,40514.83,6083.17
2024-05-13,New_York,Instagram,20484.02,2916.42
2024-05-13,New_York,YouTube,17101.34,4072.94
2024-05-13,New_York,Display,47697.07,2648.13
2024-05-13,New_York,Email,13728.18,651.37
2024-05-13,Los_Angeles,TV_National,60.57,19576.59
2024-05-13,Los_Angeles,Search_Brand,1740.42,10913.12
2024-05-13,Los_Angeles,Search_Generic,1080.67,8282.99
2024-05-13,Los_Angeles,Facebook,46061.94,6989.87
2024-05-13,Los_Angeles,Instagram,26711.25,4606.88
2024-05-13,Los_Angeles,YouTube,33047.31,6414.89
2024-05-13,Los_Angeles,Display,74600.51,3084.97
2024-05-13,Los_Angeles,Email,12658.04,702.0
2024-05-13,Chicago,TV_National,104.35,30083.96
2024-05-13,Chicago,Search_Brand,2151.93,14970.17
2024-05-13,Chicago,Search_Generic,1470.62,11322.2
2024-05-13,Chicago,Facebook,55460.78,9585.58
2024-05-13,Chicago,Instagram,49079.51,5784.1
2024-05-13,Chicago,YouTube,29598.38,6288.14
2024-05-13,Chicago,Display,73023.36,4122.78
2024-05-13,Chicago,Email,12375.46,633.21
2024-05-13,Houston,TV_National,108.72,32786.49
2024-05-13,Houston,Search_Brand,2525.61,16765.06
2024-05-13,Houston,Search_Generic,1959.77,14980.85
2024-05-13,Houston,Facebook,66867.32,9824.83
2024-05-13,Houston,Instagram,67260.14,8176.4
2024-05-13,Houston,YouTube,39369.5,7796.38
2024-05-13,Houston,Display,102013.6,5632.94
2024-05-13,Houston,Email,18553.67,1074.12
2024-05-13,Phoenix,TV_National,100.23,28985.59
2024-05-13,Phoenix,Search_Brand,2912.68,19029.05
2024-05-13,Phoenix,Search_Generic,1823.28,15077.17
2024-05-13,Phoenix,Facebook,77428.58,12512.85
2024-05-13,Phoenix,Instagram,67763.98,10864.66
2024-05-13,Phoenix,YouTube,44090.46,9786.78
2024-05-13,Phoenix,Display,132760.83,6861.73
2024-05-13,Phoenix,Email,25386.35,1165.51
2024-05-20,New_York,TV_National,53.3,15184.58
2024-05-20,New_York,Search_Brand,907.06,6959.16
2024-05-20,New_York,Search_Generic,793.64,6145.11
2024-05-20,New_York,Facebook,38441.51,5535.7
2024-05-20,New_York,Instagram,22089.76,3637.66
2024-05-20,New_York,YouTube,26321.58,5351.49
2024-05-20,New_York,Display,51463.22,2797.55
2024-05-20,New_York,Email,9265.68,527.75
2024-05-20,Los_Angeles,TV_National,71.56,22245.27
2024-05-20,Los_Angeles,Search_Brand,1790.99,11134.96
2024-05-20,Los_Angeles,Search_Generic,860.53,6911.23
2024-05-20,Los_Angeles,Facebook,64073.96,7420.94
2024-05-20,Los_Angeles,Instagram,36000.98,4750.83
2024-05-20,Los_Angeles,YouTube,33121.42,5454.92
2024-05-20,Los_Angeles,Display,53821.4,2665.73
2024-05-20,Los_Angeles,Email,8451.68,542.97
2024-05-20,Chicago,TV_National,93.51,27663.14
2024-05-20,Chicago,Search_Brand,2006.53,13519.69
2024-05-20,Chicago,Search_Generic,2188.5,16843.01
2024-05-20,Chicago,Facebook,62449.7,9519.93
2024-05-20,Chicago,Instagram,45004.78,6452.57
2024-05-20,Chicago,YouTube,39784.43,6633.6
2024-05-20,Chicago,Display,106666.45,5260.89
2024-05-20,Chicago,Email,12040.59,624.16
2024-05-20,Houston,TV_National,156.96,48187.11
2024-05-20,Houston,Search_Brand,3502.88,20216.75
2024-05-20,Houston,Search_Generic,1627.6,13279.1
2024-05-20,Houston,Facebook,55704.16,7431.5
2024-05-20,Houston,Instagram,48224.38,6633.53
2024-05-20,Houston,YouTube,34581.63,7102.23
2024-05-20,Houston,Display,110556.59,5381.33
2024-05-20,Houston,Email,20422.56,905.94
2024-05-20,Phoenix,TV_National,97.43,34557.42
2024-05-20,Phoenix,Search_Brand,2984.74,19829.97
2024-05-20,Phoenix,Search_Generic,2366.15,15486.27
2024-05-20,Phoenix,Facebook,84101.55,12159.09
2024-05-20,Phoenix,Instagram,57948.79,7473.71
2024-05-20,Phoenix,YouTube,49674.02,10360.98
2024-05-20,Phoenix,Display,109384.5,4733.65
2024-05-20,Phoenix,Email,19755.1,1047.92
2024-05-27,New_York,TV_National,47.18,15952.53
2024-05-27,New_York,Search_Brand,781.7,6444.52
2024-05-27,New_York,Search_Generic,850.7,6737.74
2024-05-27,New_York,Facebook,49541.89,7817.34
2024-05-27,New_York,Instagram,20737.31,3072.1
2024-05-27,New_York,YouTube,19945.38,4181.12
2024-05-27,New_York,Display,50090.41,2762.0
2024-05-27,New_York,Email,6843.78,409.6
2024-05-27,Los_Angeles,TV_National,47.13,14891.39
2024-05-27,Los_Angeles,Search_Brand,1492.27,10596.92
2024-05-27,Los_Angeles,Search_Generic,1510.5,10019.56
2024-05-27,Los_Angeles,Facebook,38551.87,6589.56
2024-05-27,Los_Angeles,Instagram,29968.81,4455.0
2024-05-27,Los_Angeles,YouTube,23421.62,5022.83
2024-05-27,Los_Angeles,Display,60438.03,3141.0
2024-05-27,Los_Angeles,Email,12863.01,629.89
2024-05-27,Chicago,TV_National,84.98,27925.4
2024-05-27,Chicago,Search_Brand,2321.95,17073.59
2024-05-27,Chicago,Search_Generic,1149.92,8302.2
2024-05-27,Chicago,Facebook,56390.31,7801.05
2024-05-27,Chicago,Instagram,35339.54,4304.43
2024-05-27,Chicago,YouTube,33580.98,7803.48
2024-05-27,Chicago,Display,83501.47,3532.15
2024-05-27,Chicago,Email,14526.74,789.53
2024-05-27,Houston,TV_National,73.6,22867.8
2024-05-27,Houston,Search_Brand,2667.92,16558.02
2024-05-27,Houston,Search_Generic,1193.1,10417.48
2024-05-27,Houston,Facebook,88699.37,11457.79
2024-05-27,Houston,Instagram,47131.5,5922.02
2024-05-27,Houston,YouTube,48044.68,8615.07
2024-05-27,Houston,Display,82339.38,5298.08
2024-05-27,Houston,Email,23275.28,1046.7
2024-05-27,Phoenix,TV_National,105.98,33052.41
2024-05-27,Phoenix,Search_Brand,2203.52,19631.35
2024-05-27,Phoenix,Search_Generic,2366.77,19425.13
2024-05-27,Phoenix,Facebook,94315.4,13590.95
2024-05-27,Phoenix,Instagram,79220.14,10649.49
2024-05-27,Phoenix,YouTube,44489.28,9729.49
2024-05-27,Phoenix,Display,117738.1,7099.86
2024-05-27,Phoenix,Email,24870.2,1387.97
2024-06-03,New_York,TV_National,63.77,18823.64
2024-06-03,New_York,Search_Brand,1385.91,9163.98
2024-06-03,New_York,Search_Generic,586.93,4797.64
2024-06-03,New_York,Facebook,40939.39,5751.82
2024-06-03,New_York,Instagram,32316.32,4345.46
2024-06-03,New_York,YouTube,16615.59,3598.47
2024-06-03,New_York,Display,41899.63,2640.45
2024-06-03,New_York,Email,13971.18,668.37
2024-06-03,Los_Angeles,TV_National,73.38,25784.66
2024-06-03,Los_Angeles,Search_Brand,2585.27,13788.03
2024-06-03,Los_Angeles,Search_Generic,1013.63,7037.85
2024-06-03,Los_Angeles,Facebook,42894.59,7151.19
2024-06-03,Los_Angeles,Instagram,41839.6,5389.05
2024-06-03,Los_Angeles,YouTube,29365.76,5226.8
2024-06-03,Los_Angeles,Display,47952.33,2784.17
2024-06-03,Los_Angeles,Email,14633.12,729.8
2024-06-03,Chicago,TV_National,88.62,24517.83
2024-06-03,Chicago,Search_Brand,2576.95,15766.89
2024-06-03,Chicago,Search_Generic,1518.13,10720.15
2024-06-03,Chicago,Facebook,73165.13,8511.57
2024-06-03,Chicago,Instagram,49717.66,5639.06
2024-06-03,Chicago,YouTube,31888.67,7318.2
2024-06-03,Chicago,Display,113144.02,5586.42
2024-06-03,Chicago,Email,23370.53,1033.92
2024-06-03,Houston,TV_National,109.56,34873.81
2024-06-03,Houston,Search_Brand,3070.21,20466.53
2024-06-03,Houston,Search_Generic,1579.89,14696.81
2024-06-03,Houston,Facebook,77597.04,11816.27
2024-06-03,Houston,Instagram,75352.23,9912.06
2024-06-03,Houston,YouTube,48102.51,9163.84
2024-06-03,Houston,Display,111896.58,4756.52
2024-06-03,Houston,Email,30987.21,1489.66
2024-06-03,Phoenix,TV_National,155.89,49507.4
2024-06-03,Phoenix,Search_Brand,2779.74,18455.93
2024-06-03,Phoenix,Search_Generic,2134.45,16651.7
2024-06-03,Phoenix,Facebook,101713.87,14092.1
2024-06-03,Phoenix,Instagram,58940.03,7834.43
2024-06-03,Phoenix,YouTube,60214.9,11838.24
2024-06-03,Phoenix,Display,136823.43,7726.84
2024-06-03,Phoenix,Email,24810.35,1394.53
2024-06-10,New_York,TV_National,41.31,13199.23
2024-06-10,New_York,Search_Brand,1025.76,7223.6
2024-06-10,New_York,Search_Generic,876.05,6042.74
2024-06-10,New_York,Facebook,29601.72,4955.43
2024-06-10,New_York,Instagram,28371.86,4318.87
2024-06-10,New_York,YouTube,21559.11,4123.52
2024-06-10,New_York,Display,59775.94,2679.03
2024-06-10,New_York,Email,10252.54,558.74
2024-06-10,Los_Angeles,TV_National,101.08,29740.48
2024-06-10,Los_Angeles,Search_Brand,1848.34,11189.94
2024-06-10,Los_Angeles,Search_Generic,1235.99,8907.13
2024-06-10,Los_Angeles,Facebook,70763.12,10391.0
2024-06-10,Los_Angeles,Instagram,34485.67,4772.04
2024-06-10,Los_Angeles,YouTube,28889.57,6717.37
2024-06-10,Los_Angeles,Display,50206.9,2662.14
2024-06-10,Los_Angeles,Email,10726.19,559.58
2024-06-10,Chicago,TV_National,89.76,29437.27
2024-06-10,Chicago,Search_Brand,1775.47,11754.71
2024-06-10,Chicago,Search_Generic,1398.75,12428.32
2024-06-10,Chicago,Facebook,78175.01,10291.41
2024-06-10,Chicago,Instagram,59303.78,7350.09
2024-06-10,Chicago,YouTube,48874.79,10129.31
2024-06-10,Chicago,Display,88734.73,4625.4
2024-06-10,Chicago,Email,21221.3,910.27
2024-06-10,Houston,TV_National,82.86,27093.41
2024-06-10,Houston,Search_Brand,3610.68,21736.9
2024-06-10,Houston,Search_Generic,1823.61,12557.05
2024-06-10,Houston,Facebook,94589.87,11630.29
2024-06-10,Houston,Instagram,61905.44,7821.93
2024-06-10,Houston,YouTube,69744.36,13139.05
2024-06-10,Houston,Display,119660.61,5566.03
2024-06-10,Houston,Email,26564.67,1046.08
2024-06-10,Phoenix,TV_National,129.96,40067.77
2024-06-10,Phoenix,Search_Brand,3071.61,18349.45
2024-06-10,Phoenix,Search_Generic,2254.01,17767.11
2024-06-10,Phoenix,Facebook,85325.35,14174.11
2024-06-10,Phoenix,Instagram,69923.97,9356.02
2024-06-10,Phoenix,YouTube,62194.17,13435.56
2024-06-10,Phoenix,Display,98124.66,5365.82
2024-06-10,Phoenix,Email,24319.46,1063.83
2024-06-17,New_York,TV_National,67.73,19679.29
2024-06-17,New_York,Search_Brand,1519.12,9992.72
2024-06-17,New_York,Search_Generic,793.35,6151.61
2024-06-17,New_York,Facebook,29761.93,4963.44
2024-06-17,New_York,Instagram,26942.4,3787.18
2024-06-17,New_York,YouTube,23479.07,4652.1
2024-06-17,New_York,Display,46512.4,2537.31
2024-06-17,New_York,Email,11318.66,525.66
2024-06-17,Los_Angeles,TV_National,60.76,18069.47
2024-06-17,Los_Angeles,Search_Brand,1653.92,11846.97
2024-06-17,Los_Angeles,Search_Generic,1071.88,7855.83
2024-06-17,Los_Angeles,Facebook,43728.57,6032.12
2024-06-17,Los_Angeles,Instagram,34762.27,4376.0
2024-06-17,Los_Angeles,YouTube,37263.16,8122.54
2024-06-17,Los_Angeles,Display,72035.17,3873.26
2024-06-17,Los_Angeles,Email,14729.86,835.83
2024-06-17,Chicago,TV_National,89.63,29340.67
2024-06-17,Chicago,Search_Brand,1909.82,14114.89
2024-06-17,Chicago,Search_Generic,1514.9,12353.61
2024-06-17,Chicago,Facebook,66857.9,9885.5
2024-06-17,Chicago,Instagram,45391.15,6261.56
2024-06-17,Chicago,YouTube,33159.58,6493.86
2024-06-17,Chicago,Display,105911.12,5724.05
2024-06-17,Chicago,Email,25204.0,1084.87
2024-06-17,Houston,TV_National,84.53,29330.25
2024-06-17,Houston,Search_Brand,2627.07,18499.21
2024-06-17,Houston,Search_Generic,2348.13,17549.8
2024-06-17,Houston,Facebook,61147.85,9797.24
2024-06-17,Houston,Instagram,61450.73,9108.8
2024-06-17,Houston,YouTube,48953.92,8898.31
2024-06-17,Houston,Display,102287.13,5137.9
2024-06-17,Houston,Email,23604.2,1102.26
2024-06-17,Phoenix,TV_National,138.95,42613.59
2024-06-17,Phoenix,Search_Brand,3034.97,20999.54
2024-06-17,Phoenix,Search_Generic,1709.99,12498.76
2024-06-17,Phoenix,Facebook,110643.84,17266.67
2024-06-17,Phoenix,Instagram,53056.64,8103.69
2024-06-17,Phoenix,YouTube,60629.47,11594.08
2024-06-17,Phoenix,Display,115810.11,6347.25
2024-06-17,Phoenix,Email,22544.49,1318.14
2024-06-24,New_York,TV_National,57.97,15939.25
2024-06-24,New_York,Search_Brand,887.46,6896.28
2024-06-24,New_York,Search_Generic,991.85,7908.17
2024-06-24,New_York,Facebook,42502.43,6166.0
2024-06-24,New_York,Instagram,26513.25,3552.64
2024-06-24,New_York,YouTube,18459.94,3643.39
2024-06-24,New_York,Display,43033.16,2455.4
2024-06-24,New_York,Email,10655.73,547.0
2024-06-24,Los_Angeles,TV_National,61.88,20950.68
2024-06-24,Los_Angeles,Search_Brand,2378.28,14524.34
2024-06-24,Los_Angeles,Search_Generic,1282.24,9915.08
2024-06-24,Los_Angeles,Facebook,46943.13,5516.45
2024-06-24,Los_Angeles,Instagram,32868.2,4959.34
2024-06-24,Los_Angeles,YouTube,34214.14,6089.03
2024-06-24,Los_Angeles,Display,80971.51,3562.66
2024-06-24,Los_Angeles,Email,15105.69,841.12
2024-06-24,Chicago,TV_National,90.52,24675.68
2024-06-24,Chicago,Search_Brand,1432.36,9692.83
2024-06-24,Chicago,Search_Generic,1120.09,8810.74
2024-06-24,Chicago,Facebook,58764.45,8701.12
2024-06-24,Chicago,Instagram,37530.68,5863.58
2024-06-24,Chicago,YouTube,61874.1,10266.82
2024-06-24,Chicago,Display,89546.79,3822.17
2024-06-24,Chicago,Email,17364.37,857.07
2024-06-24,Houston,TV_National,102.47,32836.86
2024-06-24,Houston,Search_Brand,3112.67,20491.54
2024-06-24,Houston,Search_Generic,1444.71,12345.22
2024-06-24,Houston,Facebook,57406.83,9663.84
2024-06-24,Houston,Instagram,49108.66,7749.2
2024-06-24,Houston,YouTube,48710.81,8494.79
2024-06-24,Houston,Display,131852.35,6613.93
2024-06-24,Houston,Email,26324.56,1090.66
2024-06-24,Phoenix,TV_National,136.03,42168.57
2024-06-24,Phoenix,Search_Brand,2620.38,16794.48
2024-06-24,Phoenix,Search_Generic,2211.35,17666.49
2024-06-24,Phoenix,Facebook,91668.85,13580.43
2024-06-24,Phoenix,Instagram,49303.75,8852.23
2024-06-24,Phoenix,YouTube,55418.5,10059.71
2024-06-24,Phoenix,Display,118875.5,5912.64
2024-06-24,Phoenix,Email,24064.75,1160.64
2024-07-01,New_York,TV_National,44.41,14634.58
2024-07-01,New_York,Search_Brand,1620.79,9846.73
2024-07-01,New_York,Search_Generic,773.92,5522.55
2024-07-01,New_York,Facebook,40772.4,5462.27
2024-07-01,New_York,Instagram,21611.24,2735.84
2024-07-01,New_York,YouTube,17855.47,3701.19
2024-07-01,New_York,Display,77146.64,3742.63
2024-07-01,New_York,Email,7628.74,475.55
2024-07-01,Los_Angeles,TV_National,74.61,25604.91
2024-07-01,Los_Angeles,Search_Brand,1383.95,9537.15
2024-07-01,Los_Angeles,Search_Generic,1481.29,10282.98
2024-07-01,Los_Angeles,Facebook,48850.8,6766.82
2024-07-01,Los_Angeles,Instagram,32106.31,4432.55
2024-07-01,Los_Angeles,YouTube,30872.91,5604.47
2024-07-01,Los_Angeles,Display,84163.95,4005.37
2024-07-01,Los_Angeles,Email,14135.43,656.24
2024-07-01,Chicago,TV_National,78.06,26093.5
2024-07-01,Chicago,Search_Brand,2009.15,13281.6
2024-07-01,Chicago,Search_Generic,1587.99,12130.5
2024-07-01,Chicago,Facebook,51783.61,7355.8
2024-07-01,Chicago,Instagram,45691.36,6279.01
2024-07-01,Chicago,YouTube,44837.13,8098.72
2024-07-01,Chicago,Display,75846.25,4033.32
2024-07-01,Chicago,Email,16181.49,754.47
2024-07-01,Houston,TV_National,128.95,39923.32
2024-07-01,Houston,Search_Brand,2870.17,16524.01
2024-07-01,Houston,Search_Generic,1930.74,13862.4
2024-07-01,Houston,Facebook,67099.1,8956.57
2024-07-01,Houston,Instagram,41582.97,6520.69
2024-07-01,Houston,YouTube,38348.85,8132.48
2024-07-01,Houston,Display,89682.19,5179.14
2024-07-01,Houston,Email,27681.48,1236.47
2024-07-01,Phoenix,TV_National,103.74,28220.68
2024-07-01,Phoenix,Search_Brand,2916.97,17849.37
2024-07-01,Phoenix,Search_Generic,2000.85,14963.27
2024-07-01,Phoenix,Facebook,96824.74,12253.11
2024-07-01,Phoenix,Instagram,55580.25,7322.35
2024-07-01,Phoenix,YouTube,63858.65,11888.84
2024-07-01,Phoenix,Display,169345.22,8927.19
2024-07-01,Phoenix,Email,28779.92,1454.34
2024-07-08,New_York,TV_National,60.59,18190.08
2024-07-08,New_York,Search_Brand,1300.26,7607.05
2024-07-08,New_York,Search_Generic,650.29,5617.24
2024-07-08,New_York,Facebook,34727.78,4663.31
2024-07-08,New_York,Instagram,31393.79,4346.56
2024-07-08,New_York,YouTube,21444.32,4912.78
2024-07-08,New_York,Display,45809.5,2357.54
2024-07-08,New_York,Email,9990.41,495.34
2024-07-08,Los_Angeles,TV_National,73.51,23056.69
2024-07-08,Los_Angeles,Search_Brand,1690.35,11319.93
2024-07-08,Los_Angeles,Search_Generic,953.97,7236.55
2024-07-08,Los_Angeles,Facebook,46691.41,6781.23
2024-07-08,Los_Angeles,Instagram,35074.57,4873.42
2024-07-08,Los_Angeles,YouTube,29501.13,5195.12
2024-07-08,Los_Angeles,Display,54096.7,2907.05
2024-07-08,Los_Angeles,Email,18954.66,1051.39
2024-07-08,Chicago,TV_National,77.47,21594.06
2024-07-08,Chicago,Search_Brand,1513.85,10332.61
2024-07-08,Chicago,Search_Generic,1668.07,14600.63
2024-07-08,Chicago,Facebook,39471.01,6550.72
2024-07-08,Chicago,Instagram,56460.35,7063.55
2024-07-08,Chicago,YouTube,34973.7,6532.81
2024-07-08,Chicago,Display,129895.1,5431.74
2024-07-08,Chicago,Email,13503.09,849.87
2024-07-08,Houston,TV_National,90.72,28403.31
2024-07-08,Houston,Search_Brand,2426.09,16480.67
2024-07-08,Houston,Search_Generic,2301.87,15198.26
2024-07-08,Houston,Facebook,81535.03,10436.13
2024-07-08,Houston,Instagram,56858.34,7908.98
2024-07-08,Houston,YouTube,49428.46,9814.52
2024-07-08,Houston,Display,126272.32,7290.34
2024-07-08,Houston,Email,19574.84,991.2
2024-07-08,Phoenix,TV_National,152.76,40369.49
2024-07-08,Phoenix,Search_Brand,2613.12,20083.29
2024-07-08,Phoenix,Search_Generic,2466.59,17154.2
2024-07-08,Phoenix,Facebook,65877.37,9414.63
2024-07-08,Phoenix,Instagram,46432.31,6947.26
2024-07-08,Phoenix,YouTube,47719.67,8802.0
2024-07-08,Phoenix,Display,112741.17,6410.4
2024-07-08,Phoenix,Email,24911.28,1437.59
2024-07-15,New_York,TV_National,48.81,15885.12
2024-07-15,New_York,Search_Brand,1204.08,7632.42
2024-07-15,New_York,Search_Generic,996.59,6539.05
2024-07-15,New_York,Facebook,35926.33,4977.44
2024-07-15,New_York,Instagram,24028.24,3303.29
2024-07-15,New_York,YouTube,21319.87,4306.1
2024-07-15,New_York,Display,39742.57,1922.34
2024-07-15,New_York,Email,9944.98,532.25
2024-07-15,Los_Angeles,TV_National,66.24,17144.22
2024-07-15,Los_Angeles,Search_Brand,1749.62,11934.43
2024-07-15,Los_Angeles,Search_Generic,861.04,7010.95
2024-07-15,Los_Angeles,Facebook,59786.03,8424.09
2024-07-15,Los_Angeles,Instagram,33566.41,4465.78
2024-07-15,Los_Angeles,YouTube,28500.63,4905.73
2024-07-15,Los_Angeles,Display,81008.56,4243.89
2024-07-15,Los_Angeles,Email,9705.96,630.54
2024-07-15,Chicago,TV_National,61.76,21183.96
2024-07-15,Chicago,Search_Brand,2090.51,14398.89
2024-07-15,Chicago,Search_Generic,1121.17,8648.54
2024-07-15,Chicago,Facebook,70201.09,9513.1
2024-07-15,Chicago,Instagram,32737.79,4642.46
2024-07-15,Chicago,YouTube,31369.48,5732.92
2024-07-15,Chicago,Display,90674.26,4959.69
2024-07-15,Chicago,Email,15014.0,786.14
2024-07-15,Houston,TV_National,78.99,22913.32
2024-07-15,Houston,Search_Brand,2718.28,16446.33
2024-07-15,Houston,Search_Generic,1365.84,10898.07
2024-07-15,Houston,Facebook,54083.41,8542.44
2024-07-15,Houston,Instagram,49539.15,6278.01
2024-07-15,Houston,YouTube,39056.05,7714.81
2024-07-15,Houston,Display,89081.28,5056.95
2024-07-15,Houston,Email,22172.16,1044.14
2024-07-15,Phoenix,TV_National,113.96,31531.67
2024-07-15,Phoenix,Search_Brand,2536.21,17744.75
2024-07-15,Phoenix,Search_Generic,2042.6,16370.29
2024-07-15,Phoenix,Facebook,85937.6,12669.28
2024-07-15,Phoenix,Instagram,50618.31,8991.45
2024-07-15,Phoenix,YouTube,40730.73,7659.51
2024-07-15,Phoenix,Display,134378.14,7359.37
2024-07-15,Phoenix,Email,25017.08,1214.53
2024-07-22,New_York,TV_National,45.65,16774.31
2024-07-22,New_York,Search_Brand,1024.26,7059.34
2024-07-22,New_York,Search_Generic,1150.26,6719.72
2024-07-22,New_York,Facebook,29614.52,4869.8
2024-07-22,New_York,Instagram,30542.86,3746.86
2024-07-22,New_York,YouTube,18710.5,4097.23
2024-07-22,New_York,Display,62171.22,2908.99
2024-07-22,New_York,Email,8976.69,432.04
2024-07-22,Los_Angeles,TV_National,90.57,24140.94
2024-07-22,Los_Angeles,Search_Brand,1588.54,10976.35
2024-07-22,Los_Angeles,Search_Generic,1180.81,9995.35
2024-07-22,Los_Angeles,Facebook,45168.57,7400.1
2024-07-22,Los_Angeles,Instagram,39612.59,5690.73
2024-07-22,Los_Angeles,YouTube,35213.53,6704.98
2024-07-22,Los_Angeles,Display,66504.66,2883.71
2024-07-22,Los_Angeles,Email,19101.55,874.42
2024-07-22,Chicago,TV_National,76.3,23599.92
2024-07-22,Chicago,Search_Brand,2016.16,14421.02
2024-07-22,Chicago,Search_Generic,1845.17,13640.49
2024-07-22,Chicago,Facebook,42572.68,5878.88
2024-07-22,Chicago,Instagram,41537.26,5858.95
2024-07-22,Chicago,YouTube,36182.49,6675.42
2024-07-22,Chicago,Display,107309.02,5215.71
2024-07-22,Chicago,Email,16692.94,838.1
2024-07-22,Houston,TV_National,99.12,32219.68
2024-07-22,Houston,Search_Brand,2935.13,18687.75
2024-07-22,Houston,Search_Generic,2447.45,16190.31
2024-07-22,Houston,Facebook,73413.95,9661.74
2024-07-22,Houston,Instagram,49770.05,6499.38
2024-07-22,Houston,YouTube,35784.04,7927.91
2024-07-22,Houston,Display,85469.57,5583.89
2024-07-22,Houston,Email,16180.02,823.49
2024-07-22,Phoenix,TV_National,122.92,38264.5
2024-07-22,Phoenix,Search_Brand,2198.39,15904.98
2024-07-22,Phoenix,Search_Generic,2265.56,16031.36
2024-07-22,Phoenix,Facebook,98761.14,12567.46
2024-07-22,Phoenix,Instagram,62044.14,9360.31
2024-07-22,Phoenix,YouTube,41991.89,9663.2
2024-07-22,Phoenix,Display,138534.37,6197.69
2024-07-22,Phoenix,Email,32126.64,1396.2
2024-07-29,New_York,TV_National,55.09,14446.22
2024-07-29,New_York,Search_Brand,1361.11,7832.34
2024-07-29,New_York,Search_Generic,862.53,6027.28
2024-07-29,New_York,Facebook,43167.49,6287.23
2024-07-29,New_York,Instagram,29616.63,3644.93
2024-07-29,New_York,YouTube,17313.87,3951.75
2024-07-29,New_York,Display,66308.17,3474.87
2024-07-29,New_York,Email,11586.2,516.07
2024-07-29,Los_Angeles,TV_National,57.18,18973.54
2024-07-29,Los_Angeles,Search_Brand,1443.89,11516.39
2024-07-29,Los_Angeles,Search_Generic,1088.11,7963.29
2024-07-29,Los_Angeles,Facebook,39916.09,6653.97
2024-07-29,Los_Angeles,Instagram,44461.58,6160.51
2024-07-29,Los_Angeles,YouTube,33470.71,6870.5
2024-07-29,Los_Angeles,Display,62377.74,3036.05
2024-07-29,Los_Angeles,Email,11925.87,670.83
2024-07-29,Chicago,TV_National,103.31,32981.58
2024-07-29,Chicago,Search_Brand,1834.06,10706.31
2024-07-29,Chicago,Search_Generic,1231.04,9811.41
2024-07-29,Chicago,Facebook,56377.23,6767.02
2024-07-29,Chicago,Instagram,36551.78,5087.43
2024-07-29,Chicago,YouTube,42191.9,8089.92
2024-07-29,Chicago,Display,73724.82,4370.05
2024-07-29,Chicago,Email,15916.2,781.0
2024-07-29,Houston,TV_National,97.11,28547.27
2024-07-29,Houston,Search_Brand,3134.35,18978.19
2024-07-29,Houston,Search_Generic,1775.68,10691.19
2024-07-29,Houston,Facebook,84089.85,12014.89
2024-07-29,Houston,Instagram,79872.72,8826.7
2024-07-29,Houston,YouTube,33750.16,6903.81
2024-07-29,Houston,Display,76409.78,3747.59
2024-07-29,Houston,Email,22534.9,1131.17
2024-07-29,Phoenix,TV_National,93.04,34259.93
2024-07-29,Phoenix,Search_Brand,3698.77,21318.55
2024-07-29,Phoenix,Search_Generic,1927.68,13835.16
2024-07-29,Phoenix,Facebook,72963.11,9957.46
2024-07-29,Phoenix,Instagram,55021.99,8313.34
2024-07-29,Phoenix,YouTube,43225.16,8992.1
2024-07-29,Phoenix,Display,117012.16,6670.95
2024-07-29,Phoenix,Email,23640.87,1186.96
2024-08-05,New_York,TV_National,46.69,11702.62
2024-08-05,New_York,Search_Brand,908.44,6475.56
2024-08-05,New_York,Search_Generic,760.77,4766.59
2024-08-05,New_York,Facebook,31856.55,4997.77
2024-08-05,New_York,Instagram,27701.84,3801.2
2024-08-05,New_York,YouTube,18476.34,3824.78
2024-08-05,New_York,Display,42521.32,2055.45
2024-08-05,New_York,Email,10166.68,423.89
2024-08-05,Los_Angeles,TV_National,60.97,15685.37
2024-08-05,Los_Angeles,Search_Brand,1538.19,9952.42
2024-08-05,Los_Angeles,Search_Generic,1076.67,8600.37
2024-08-05,Los_Angeles,Facebook,38447.86,7200.48
2024-08-05,Los_Angeles,Instagram,25881.88,3974.25
2024-08-05,Los_Angeles,YouTube,20517.6,4192.68
2024-08-05,Los_Angeles,Display,71896.22,3350.89
2024-08-05,Los_Angeles,Email,12270.76,655.77
2024-08-05,Chicago,TV_National,86.15,25524.45
2024-08-05,Chicago,Search_Brand,2402.86,14821.58
2024-08-05,Chicago,Search_Generic,1182.86,9704.26
2024-08-05,Chicago,Facebook,48359.41,7298.94
2024-08-05,Chicago,Instagram,39433.87,5374.72
2024-08-05,Chicago,YouTube,35663.61,7169.28
2024-08-05,Chicago,Display,81859.68,4034.75
2024-08-05,Chicago,Email,13584.02,745.05
2024-08-05,Houston,TV_National,70.08,22536.24
2024-08-05,Houston,Search_Brand,2347.6,16790.34
2024-08-05,Houston,Search_Generic,1581.25,11318.95
2024-08-05,Houston,Facebook,66412.71,10569.07
2024-08-05,Houston,Instagram,63533.03,7946.34
2024-08-05,Houston,YouTube,30394.49,6600.91
2024-08-05,Houston,Display,115167.94,5843.59
2024-08-05,Houston,Email,12182.99,700.67
2024-08-05,Phoenix,TV_National,98.61,33233.35
2024-08-05,Phoenix,Search_Brand,2602.46,17293.61
2024-08-05,Phoenix,Search_Generic,2225.67,17184.48
2024-08-05,Phoenix,Facebook,109072.68,13507.27
2024-08-05,Phoenix,Instagram,73362.06,9982.35
2024-08-05,Phoenix,YouTube,35881.81,6853.16
2024-08-05,Phoenix,Display,133497.85,6729.22
2024-08-05,Phoenix,Email,32562.62,1493.99
2024-08-12,New_York,TV_National,55.84,15027.92
2024-08-12,New_York,Search_Brand,904.53,7737.4
2024-08-12,New_York,Search_Generic,769.76,5121.81
2024-08-12,New_York,Facebook,27895.92,4075.19
2024-08-12,New_York,Instagram,23503.77,2752.9
2024-08-12,New_York,YouTube,21675.61,4735.73
2024-08-12,New_York,Display,43933.92,2351.38
2024-08-12,New_York,Email,10616.54,504.45
2024-08-12,Los_Angeles,TV_National,73.85,21431.85
2024-08-12,Los_Angeles,Search_Brand,2127.42,15718.28
2024-08-12,Los_Angeles,Search_Generic,752.79,5872.27
2024-08-12,Los_Angeles,Facebook,30143.69,4999.37
2024-08-12,Los_Angeles,Instagram,24817.07,3810.03
2024-08-12,Los_Angeles,YouTube,23090.78,4384.93
2024-08-12,Los_Angeles,Display,57582.3,2931.27
2024-08-12,Los_Angeles,Email,13398.73,723.29
2024-08-12,Chicago,TV_National,80.25,23210.45
2024-08-12,Chicago,Search_Brand,1137.5,9625.74
2024-08-12,Chicago,Search_Generic,1425.05,10174.77
2024-08-12,Chicago,Facebook,78024.65,10971.55
2024-08-12,Chicago,Instagram,44635.24,6372.28
2024-08-12,Chicago,YouTube,39776.5,6733.62
2024-08-12,Chicago,Display,61008.91,2926.85
2024-08-12,Chicago,Email,22813.69,1108.96
2024-08-12,Houston,TV_National,117.58,37563.26
2024-08-12,Houston,Search_Brand,2342.59,15565.0
2024-08-12,Houston,Search_Generic,997.79,8410.75
2024-08-12,Houston,Facebook,63017.57,8292.05
2024-08-12,Houston,Instagram,57540.71,7798.85
2024-08-12,Houston,YouTube,43524.45,8848.96
2024-08-12,Houston,Display,117164.84,5853.1
2024-08-12,Houston,Email,19203.56,986.02
2024-08-12,Phoenix,TV_National,122.18,38230.24
2024-08-12,Phoenix,Search_Brand,2853.31,21302.31
2024-08-12,Phoenix,Search_Generic,1671.42,11702.84
2024-08-12,Phoenix,Facebook,75912.88,11348.27
2024-08-12,Phoenix,Instagram,61841.06,9199.79
2024-08-12,Phoenix,YouTube,51343.28,8927.83
2024-08-12,Phoenix,Display,169532.27,7243.26
2024-08-12,Phoenix,Email,24934.33,1102.35
2024-08-19,New_York,TV_National,36.44,11969.07
2024-08-19,New_York,Search_Brand,917.28,5173.2
2024-08-19,New_York,Search_Generic,638.41,4849.04
2024-08-19,New_York,Facebook,30112.32,4012.87
2024-08-19,New_York,Instagram,19080.51,3043.59
2024-08-19,New_York,YouTube,17034.27,3932.05
2024-08-19,New_York,Display,32862.81,2028.5
2024-08-19,New_York,Email,7564.47,371.53
2024-08-19,Los_Angeles,TV_National,40.62,14132.0
2024-08-19,Los_Angeles,Search_Brand,1437.17,10116.4
2024-08-19,Los_Angeles,Search_Generic,1639.06,10233.2
2024-08-19,Los_Angeles,Facebook,41097.43,5552.91
2024-08-19,Los_Angeles,Instagram,33334.48,4954.16
2024-08-19,Los_Angeles,YouTube,20191.13,4043.2
2024-08-19,Los_Angeles,Display,59003.21,3081.56
2024-08-19,Los_Angeles,Email,12540.1,675.89
2024-08-19,Chicago,TV_National,68.47,20317.54
2024-08-19,Chicago,Search_Brand,1819.91,13647.7
2024-08-19,Chicago,Search_Generic,1240.18,11102.91
2024-08-19,Chicago,Facebook,50353.31,7381.34
2024-08-19,Chicago,Instagram,34576.37,5122.1
2024-08-19,Chicago,YouTube,39155.43,8526.59
2024-08-19,Chicago,Display,121286.21,5804.93
2024-08-19,Chicago,Email,17120.07,816.19
2024-08-19,Houston,TV_National,129.35,42859.6
2024-08-19,Houston,Search_Brand,1838.89,13220.51
2024-08-19,Houston,Search_Generic,1322.46,11786.69
2024-08-19,Houston,Facebook,81324.22,9807.81
2024-08-19,Houston,Instagram,48555.55,6999.68
2024-08-19,Houston,YouTube,38987.83,7127.5
2024-08-19,Houston,Display,103873.92,4318.06
2024-08-19,Houston,Email,26806.77,1306.36
2024-08-19,Phoenix,TV_National,127.26,34440.46
2024-08-19,Phoenix,Search_Brand,3000.72,21683.91
2024-08-19,Phoenix,Search_Generic,1489.66,12751.96
2024-08-19,Phoenix,Facebook,91494.58,12227.74
2024-08-19,Phoenix,Instagram,44870.3,6574.4
2024-08-19,Phoenix,YouTube,34352.45,7516.61
2024-08-19,Phoenix,Display,116074.99,6245.45
2024-08-19,Phoenix,Email,18683.47,1099.26
2024-08-26,New_York,TV_National,47.1,14192.55
2024-08-26,New_York,Search_Brand,971.12,6597.67
2024-08-26,New_York,Search_Generic,697.0,5671.32
2024-08-26,New_York,Facebook,30910.15,3686.28
2024-08-26,New_York,Instagram,20714.36,2928.21
2024-08-26,New_York,YouTube,30474.25,4282.51
2024-08-26,New_York,Display,39922.94,1908.34
2024-08-26,New_York,Email,7839.63,413.68
2024-08-26,Los_Angeles,TV_National,50.73,17031.94
2024-08-26,Los_Angeles,Search_Brand,1301.8,10057.51
2024-08-26,Los_Angeles,Search_Generic,1172.87,8748.24
2024-08-26,Los_Angeles,Facebook,45022.69,6738.76
2024-08-26,Los_Angeles,Instagram,30803.36,4190.23
2024-08-26,Los_Angeles,YouTube,20499.44,4249.32
2024-08-26,Los_Angeles,Display,50860.99,2779.92
2024-08-26,Los_Angeles,Email,10539.33,460.91
2024-08-26,Chicago,TV_National,81.58,21786.78
2024-08-26,Chicago,Search_Brand,1994.26,15119.64
2024-08-26,Chicago,Search_Generic,1413.23,8204.9
2024-08-26,Chicago,Facebook,73044.53,10467.87
2024-08-26,Chicago,Instagram,39276.69,5856.8
2024-08-26,Chicago,YouTube,31979.69,6871.49
2024-08-26,Chicago,Display,52000.25,2967.36
2024-08-26,Chicago,Email,14423.75,807.55
2024-08-26,Houston,TV_National,86.91,29030.55
2024-08-26,Houston,Search_Brand,2272.03,13908.2
2024-08-26,Houston,Search_Generic,1621.58,12173.63
2024-08-26,Houston,Facebook,81911.85,11152.6
2024-08-26,Houston,Instagram,57989.65,8500.61
2024-08-26,Houston,YouTube,32187.12,7331.93
2024-08-26,Houston,Display,100941.7,4582.91
2024-08-26,Houston,Email,26154.05,1187.96
2024-08-26,Phoenix,TV_National,97.92,26359.55
2024-08-26,Phoenix,Search_Brand,2291.63,13965.26
2024-08-26,Phoenix,Search_Generic,1867.97,13059.31
2024-08-26,Phoenix,Facebook,74106.76,9416.65
2024-08-26,Phoenix,Instagram,43172.05,6461.92
2024-08-26,Phoenix,YouTube,33231.52,7920.78
2024-08-26,Phoenix,Display,139731.14,5832.11
2024-08-26,Phoenix,Email,34648.19,1715.66
2024-09-02,New_York,TV_National,48.4,14188.17
2024-09-02,New_York,Search_Brand,999.8,6897.3
2024-09-02,New_York,Search_Generic,695.39,4942.53
2024-09-02,New_York,Facebook,25474.71,3667.56
2024-09-02,New_York,Instagram,21533.46,2775.57
2024-09-02,New_York,YouTube,13565.5,2727.12
2024-09-02,New_York,Display,59864.66,2664.32
2024-09-02,New_York,Email,9818.43,489.72
2024-09-02,Los_Angeles,TV_National,63.8,17313.91
2024-09-02,Los_Angeles,Search_Brand,1372.33,11120.5
2024-09-02,Los_Angeles,Search_Generic,823.49,5418.14
2024-09-02,Los_Angeles,Facebook,34534.29,5276.25
2024-09-02,Los_Angeles,Instagram,21553.97,3189.77
2024-09-02,Los_Angeles,YouTube,21972.61,3565.3
2024-09-02,Los_Angeles,Display,54498.48,2740.76
2024-09-02,Los_Angeles,Email,13228.07,600.72
2024-09-02,Chicago,TV_National,89.81,24201.28
2024-09-02,Chicago,Search_Brand,1483.46,10188.78
2024-09-02,Chicago,Search_Generic,1192.37,9427.08
2024-09-02,Chicago,Facebook,50954.38,6994.64
2024-09-02,Chicago,Instagram,32962.08,5512.47
2024-09-02,Chicago,YouTube,30448.72,6233.75
2024-09-02,Chicago,Display,84125.28,3891.84
2024-09-02,Chicago,Email,20401.12,890.93
2024-09-02,Houston,TV_National,120.18,31207.68
2024-09-02,Houston,Search_Brand,2138.01,14207.59
2024-09-02,Houston,Search_Generic,1667.98,11626.77
2024-09-02,Houston,Facebook,59151.31,8114.94
2024-09-02,Houston,Instagram,38816.53,5918.76
2024-09-02,Houston,YouTube,41489.88,8252.3
2024-09-02,Houston,Display,98239.49,5778.97
2024-09-02,Houston,Email,15689.01,781.89
2024-09-02,Phoenix,TV_National,123.44,35580.74
2024-09-02,Phoenix,Search_Brand,2246.36,16762.76
2024-09-02,Phoenix,Search_Generic,1389.18,10088.19
2024-09-02,Phoenix,Facebook,54092.28,8149.6
2024-09-02,Phoenix,Instagram,48858.49,7546.23
2024-09-02,Phoenix,YouTube,57516.77,10178.17
2024-09-02,Phoenix,Display,71967.89,3950.04
2024-09-02,Phoenix,Email,13126.15,709.73
2024-09-09,New_York,TV_National,43.05,13461.92
2024-09-09,New_York,Search_Brand,883.44,6858.01
2024-09-09,New_York,Search_Generic,682.43,5410.34
2024-09-09,New_York,Facebook,27791.84,4007.31
2024-09-09,New_York,Instagram,14727.13,2313.79
2024-09-09,New_York,YouTube,19252.81,3699.95
2024-09-09,New_York,Display,48368.69,2341.18
2024-09-09,New_York,Email,6877.73,408.67
2024-09-09,Los_Angeles,TV_National,52.67,15844.23
2024-09-09,Los_Angeles,Search_Brand,1895.14,11795.5
2024-09-09,Los_Angeles,Search_Generic,1176.25,8310.16
2024-09-09,Los_Angeles,Facebook,35011.45,4943.4
2024-09-09,Los_Angeles,Instagram,25937.87,3988.86
2024-09-09,Los_Angeles,YouTube,20344.44,4153.48
2024-09-09,Los_Angeles,Display,56832.15,3498.88
2024-09-09,Los_Angeles,Email,12002.18,659.04
2024-09-09,Chicago,TV_National,64.11,17093.71
2024-09-09,Chicago,Search_Brand,2125.55,12499.62
2024-09-09,Chicago,Search_Generic,1551.8,9471.97
2024-09-09,Chicago,Facebook,52456.34,7611.95
2024-09-09,Chicago,Instagram,41726.4,5158.65
2024-09-09,Chicago,YouTube,23338.62,4982.14
2024-09-09,Chicago,Display,54146.48,3341.5
2024-09-09,Chicago,Email,11836.12,714.65
2024-09-09,Houston,TV_National,93.42,25703.76
2024-09-09,Houston,Search_Brand,2245.95,12661.15
2024-09-09,Houston,Search_Generic,1230.64,8193.27
2024-09-09,Houston,Facebook,55458.97,9405.9
2024-09-09,Houston,Instagram,63418.06,8935.31
2024-09-09,Houston,YouTube,25894.46,5961.37
2024-09-09,Houston,Display,81199.4,4112.03
2024-09-09,Houston,Email,16757.24,863.19
2024-09-09,Phoenix,TV_National,105.78,32989.23
2024-09-09,Phoenix,Search_Brand,1768.78,11969.29
2024-09-09,Phoenix,Search_Generic,1162.14,8413.06
2024-09-09,Phoenix,Facebook,61432.33,8633.85
2024-09-09,Phoenix,Instagram,55382.26,8525.16
2024-09-09,Phoenix,YouTube,44913.07,9380.47
2024-09-09,Phoenix,Display,125415.74,6504.0
2024-09-09,Phoenix,Email,18885.27,881.55
2024-09-16,New_York,TV_National,34.45,11240.67
2024-09-16,New_York,Search_Brand,889.62,5957.33
2024-09-16,New_York,Search_Generic,645.09,5870.52
2024-09-16,New_York,Facebook,29908.93,4013.87
2024-09-16,New_York,Instagram,23470.31,2882.44
2024-09-16,New_York,YouTube,15533.23,3164.51
2024-09-16,New_York,Display,44152.97,2185.83
2024-09-16,New_York,Email,7944.62,377.25
2024-09-16,Los_Angeles,TV_National,46.91,14961.51
2024-09-16,Los_Angeles,Search_Brand,1396.18,8129.93
2024-09-16,Los_Angeles,Search_Generic,564.72,4071.12
2024-09-16,Los_Angeles,Facebook,32711.02,5528.35
2024-09-16,Los_Angeles,Instagram,30211.43,4033.09
2024-09-16,Los_Angeles,YouTube,18436.0,4806.89
2024-09-16,Los_Angeles,Display,62709.81,3375.55
2024-09-16,Los_Angeles,Email,13131.16,609.66
2024-09-16,Chicago,TV_National,65.56,18412.28
2024-09-16,Chicago,Search_Brand,1288.96,10570.74
2024-09-16,Chicago,Search_Generic,1234.89,10008.08
2024-09-16,Chicago,Facebook,41402.43,6157.9
2024-09-16,Chicago,Instagram,36250.62,5104.24
2024-09-16,Chicago,YouTube,26588.15,6079.83
2024-09-16,Chicago,Display,61901.08,3131.16
2024-09-16,Chicago,Email,18400.16,930.54
2024-09-16,Houston,TV_National,100.41,30007.93
2024-09-16,Houston,Search_Brand,1851.0,12648.28
2024-09-16,Houston,Search_Generic,1408.59,9945.55
2024-09-16,Houston,Facebook,75802.86,10446.4
2024-09-16,Houston,Instagram,46112.62,7109.65
2024-09-16,Houston,YouTube,29717.49,6389.96
2024-09-16,Houston,Display,85963.44,4455.26
2024-09-16,Houston,Email,17280.51,948.33
2024-09-16,Phoenix,TV_National,107.8,30194.27
2024-09-16,Phoenix,Search_Brand,2176.76,11737.55
2024-09-16,Phoenix,Search_Generic,1252.36,11501.0
2024-09-16,Phoenix,Facebook,71919.95,10239.97
2024-09-16,Phoenix,Instagram,54535.83,6914.54
2024-09-16,Phoenix,YouTube,46098.66,8949.15
2024-09-16,Phoenix,Display,105874.84,5349.28
2024-09-16,Phoenix,Email,22513.98,1305.16
2024-09-23,New_York,TV_National,41.11,12254.02
2024-09-23,New_York,Search_Brand,996.79,7230.37
2024-09-23,New_York,Search_Generic,500.5,3695.31
2024-09-23,New_York,Facebook,33897.76,4172.35
2024-09-23,New_York,Instagram,18553.29,2314.2
2024-09-23,New_York,YouTube,21975.42,4564.29
2024-09-23,New_York,Display,31643.75,1647.91
2024-09-23,New_York,Email,8481.79,400.84
2024-09-23,Los_Angeles,TV_National,58.8,15099.34
2024-09-23,Los_Angeles,Search_Brand,938.5,7445.22
2024-09-23,Los_Angeles,Search_Generic,827.55,7791.83
2024-09-23,Los_Angeles,Facebook,50999.04,5334.15
2024-09-23,Los_Angeles,Instagram,24539.96,3843.05
2024-09-23,Los_Angeles,YouTube,21700.88,4362.28
2024-09-23,Los_Angeles,Display,60199.07,2817.07
2024-09-23,Los_Angeles,Email,11142.69,470.62
2024-09-23,Chicago,TV_National,78.1,21786.48
2024-09-23,Chicago,Search_Brand,1738.82,10192.9
2024-09-23,Chicago,Search_Generic,1107.97,8082.28
2024-09-23,Chicago,Facebook,38557.91,6085.72
2024-09-23,Chicago,Instagram,37122.31,5432.86
2024-09-23,Chicago,YouTube,23099.54,4926.82
2024-09-23,Chicago,Display,72998.17,3886.88
2024-09-23,Chicago,Email,13775.78,687.75
2024-09-23,Houston,TV_National,55.03,19126.53
2024-09-23,Houston,Search_Brand,1993.09,14303.6
2024-09-23,Houston,Search_Generic,1755.36,11951.97
2024-09-23,Houston,Facebook,79505.71,9468.23
2024-09-23,Houston,Instagram,44787.49,5876.3
2024-09-23,Houston,YouTube,39802.8,6229.29
2024-09-23,Houston,Display,114592.73,5722.83
2024-09-23,Houston,Email,20637.94,900.75
2024-09-23,Phoenix,TV_National,91.6,29345.13
2024-09-23,Phoenix,Search_Brand,2757.74,18241.28
2024-09-23,Phoenix,Search_Generic,1512.9,12333.95
2024-09-23,Phoenix,Facebook,55393.3,7728.65
2024-09-23,Phoenix,Instagram,55990.76,8017.72
2024-09-23,Phoenix,YouTube,46244.95,9923.5
2024-09-23,Phoenix,Display,84795.42,4268.37
2024-09-23,Phoenix,Email,21334.82,987.69
2024-09-30,New_York,TV_National,40.83,10683.09
2024-09-30,New_York,Search_Brand,1284.41,8596.33
2024-09-30,New_York,Search_Generic,694.56,5789.65
2024-09-30,New_York,Facebook,36532.98,4700.07
2024-09-30,New_York,Instagram,22730.13,3187.18
2024-09-30,New_York,YouTube,9633.81,2054.46
2024-09-30,New_York,Display,33021.75,1820.77
2024-09-30,New_York,Email,7813.72,407.4
2024-09-30,Los_Angeles,TV_National,43.72,14580.26
2024-09-30,Los_Angeles,Search_Brand,1326.38,7904.44
2024-09-30,Los_Angeles,Search_Generic,756.93,5976.98
2024-09-30,Los_Angeles,Facebook,37190.49,5135.84
2024-09-30,Los_Angeles,Instagram,21718.36,4122.71
2024-09-30,Los_Angeles,YouTube,29604.45,5128.69
2024-09-30,Los_Angeles,Display,42630.73,2349.2
2024-09-30,Los_Angeles,Email,9532.98,514.08
2024-09-30,Chicago,TV_National,59.59,21717.35
2024-09-30,Chicago,Search_Brand,1657.03,9470.91
2024-09-30,Chicago,Search_Generic,1103.45,7308.21
2024-09-30,Chicago,Facebook,43128.94,7383.23
2024-09-30,Chicago,Instagram,38049.22,5389.94
2024-09-30,Chicago,YouTube,26799.42,5230.18
2024-09-30,Chicago,Display,80676.67,3758.27
2024-09-30,Chicago,Email,17402.41,835.32
2024-09-30,Houston,TV_National,65.95,20745.58
2024-09-30,Houston,Search_Brand,3410.49,21147.61
2024-09-30,Houston,Search_Generic,2230.94,14552.76
2024-09-30,Houston,Facebook,63585.62,8813.96
2024-09-30,Houston,Instagram,35525.0,5917.44
2024-09-30,Houston,YouTube,38479.86,6818.43
2024-09-30,Houston,Display,80955.58,3884.42
2024-09-30,Houston,Email,17636.74,965.82
2024-09-30,Phoenix,TV_National,84.41,28036.35
2024-09-30,Phoenix,Search_Brand,1865.23,14143.62
2024-09-30,Phoenix,Search_Generic,1611.04,10483.89
2024-09-30,Phoenix,Facebook,61794.82,8716.9
2024-09-30,Phoenix,Instagram,52168.52,6491.41
2024-09-30,Phoenix,YouTube,53088.52,9738.78
2024-09-30,Phoenix,Display,102307.65,5234.95
2024-09-30,Phoenix,Email,20313.87,836.29
2024-10-07,New_York,TV_National,32.42,9101.48
2024-10-07,New_York,Search_Brand,904.9,6377.1
2024-10-07,New_York,Search_Generic,686.13,4767.39
2024-10-07,New_York,Facebook,29427.97,4406.01
2024-10-07,New_York,Instagram,13326.9,1962.5
2024-10-07,New_York,YouTube,14114.73,2806.56
2024-10-07,New_York,Display,26480.94,1602.58
2024-10-07,New_York,Email,8888.24,364.86
2024-10-07,Los_Angeles,TV_National,53.27,15036.48
2024-10-07,Los_Angeles,Search_Brand,1272.12,8150.67
2024-10-07,Los_Angeles,Search_Generic,894.88,6451.42
2024-10-07,Los_Angeles,Facebook,28836.41,4460.8
2024-10-07,Los_Angeles,Instagram,23236.72,3152.54
2024-10-07,Los_Angeles,YouTube,18403.58,3566.82
2024-10-07,Los_Angeles,Display,54271.8,2496.66
2024-10-07,Los_Angeles,Email,11422.63,566.69
2024-10-07,Chicago,TV_National,47.24,14670.48
2024-10-07,Chicago,Search_Brand,1196.39,9583.13
2024-10-07,Chicago,Search_Generic,1189.28,8793.5
2024-10-07,Chicago,Facebook,50554.75,6300.28
2024-10-07,Chicago,Instagram,28666.0,3789.35
2024-10-07,Chicago,YouTube,22983.98,4682.2
2024-10-07,Chicago,Display,62596.4,2649.62
2024-10-07,Chicago,Email,12063.2,562.41
2024-10-07,Houston,TV_National,61.37,16361.13
2024-10-07,Houston,Search_Brand,2050.34,13536.4
2024-10-07,Houston,Search_Generic,1162.91,8379.83
2024-10-07,Houston,Facebook,59766.92,10184.49
2024-10-07,Houston,Instagram,37081.85,5686.96
2024-10-07,Houston,YouTube,28108.33,5762.76
2024-10-07,Houston,Display,67683.21,3387.7
2024-10-07,Houston,Email,13510.77,609.47
2024-10-07,Phoenix,TV_National,68.55,19483.29
2024-10-07,Phoenix,Search_Brand,1727.85,12949.92
2024-10-07,Phoenix,Search_Generic,1199.79,10514.39
2024-10-07,Phoenix,Facebook,51916.97,8550.79
2024-10-07,Phoenix,Instagram,41523.48,6376.26
2024-10-07,Phoenix,YouTube,32723.92,6355.2
2024-10-07,Phoenix,Display,75261.86,3784.97
2024-10-07,Phoenix,Email,14428.8,677.33
2024-10-14,New_York,TV_National,58.58,13291.5
2024-10-14,New_York,Search_Brand,895.08,5514.9
2024-10-14,New_York,Search_Generic,484.02,3123.65
2024-10-14,New_York,Facebook,25475.74,3819.84
2024-10-14,New_York,Instagram,19952.27,2865.31
2024-10-14,New_York,YouTube,13315.11,2539.4
2024-10-14,New_York,Display,32105.26,1449.36
2024-10-14,New_York,Email,5225.33,290.19
2024-10-14,Los_Angeles,TV_National,44.01,12236.07
2024-10-14,Los_Angeles,Search_Brand,893.86,6819.02
2024-10-14,Los_Angeles,Search_Generic,680.85,5122.79
2024-10-14,Los_Angeles,Facebook,24430.33,3916.05
2024-10-14,Los_Angeles,Instagram,29438.55,4491.78
2024-10-14,Los_Angeles,YouTube,17173.09,3563.09
2024-10-14,Los_Angeles,Display,46700.06,2194.33
2024-10-14,Los_Angeles,Email,10454.18,538.95
2024-10-14,Chicago,TV_National,56.15,14828.21
2024-10-14,Chicago,Search_Brand,1673.65,9384.82
2024-10-14,Chicago,Search_Generic,693.16,5098.14
2024-10-14,Chicago,Facebook,53611.62,7934.2
2024-10-14,Chicago,Instagram,29623.15,4026.48
2024-10-14,Chicago,YouTube,21213.95,4377.28
2024-10-14,Chicago,Display,53120.45,2828.01
2024-10-14,Chicago,Email,14983.88,715.43
2024-10-14,Houston,TV_National,81.34,22505.37
2024-10-14,Houston,Search_Brand,1542.43,11110.58
2024-10-14,Houston,Search_Generic,1056.28,7920.66
2024-10-14,Houston,Facebook,41040.1,6163.63
2024-10-14,Houston,Instagram,41347.97,4680.73
2024-10-14,Houston,YouTube,18724.02,3812.68
2024-10-14,Houston,Display,94743.27,4679.79
2024-10-14,Houston,Email,16341.2,808.94
2024-10-14,Phoenix,TV_National,61.46,23071.05
2024-10-14,Phoenix,Search_Brand,1946.84,14025.65
2024-10-14,Phoenix,Search_Generic,1147.44,9046.13
2024-10-14,Phoenix,Facebook,98316.25,11042.98
2024-10-14,Phoenix,Instagram,41913.52,6147.05
2024-10-14,Phoenix,YouTube,29863.31,5699.27
2024-10-14,Phoenix,Display,108348.52,5553.09
2024-10-14,Phoenix,Email,12722.46,594.9
2024-10-21,New_York,TV_National,33.64,11824.78
2024-10-21,New_York,Search_Brand,876.56,5585.93
2024-10-21,New_York,Search_Generic,497.16,4035.5
2024-10-21,New_York,Facebook,26622.01,3959.69
2024-10-21,New_York,Instagram,11083.84,1904.7
2024-10-21,New_York,YouTube,17476.61,3286.29
2024-10-21,New_York,Display,32967.73,1722.58
2024-10-21,New_York,Email,5640.65,314.06
2024-10-21,Los_Angeles,TV_National,35.45,13146.07
2024-10-21,Los_Angeles,Search_Brand,973.95,6698.1
2024-10-21,Los_Angeles,Search_Generic,816.39,6147.42
2024-10-21,Los_Angeles,Facebook,42194.56,5267.04
2024-10-21,Los_Angeles,Instagram,28715.69,3835.42
2024-10-21,Los_Angeles,YouTube,16983.19,3746.66
2024-10-21,Los_Angeles,Display,61792.41,2611.89
2024-10-21,Los_Angeles,Email,11922.39,492.12
2024-10-21,Chicago,TV_National,42.17,14198.95
2024-10-21,Chicago,Search_Brand,1666.93,10823.02
2024-10-21,Chicago,Search_Generic,1157.58,8695.28
2024-10-21,Chicago,Facebook,35792.76,5223.64
2024-10-21,Chicago,Instagram,21116.77,3309.55
2024-10-21,Chicago,YouTube,30049.05,5507.52
2024-10-21,Chicago,Display,52895.55,3141.48
2024-10-21,Chicago,Email,9976.95,563.86
2024-10-21,Houston,TV_National,81.31,25858.5
2024-10-21,Houston,Search_Brand,1477.79,9822.63
2024-10-21,Houston,Search_Generic,1218.13,7876.2
2024-10-21,Houston,Facebook,39382.16,6470.97
2024-10-21,Houston,Instagram,26074.8,3661.73
2024-10-21,Houston,YouTube,23026.87,5312.77
2024-10-21,Houston,Display,92318.15,4317.96
2024-10-21,Houston,Email,16492.31,719.45
2024-10-21,Phoenix,TV_National,86.47,28164.4
2024-10-21,Phoenix,Search_Brand,1894.33,11636.97
2024-10-21,Phoenix,Search_Generic,1468.02,10824.83
2024-10-21,Phoenix,Facebook,55689.77,7486.43
2024-10-21,Phoenix,Instagram,37561.54,5312.52
2024-10-21,Phoenix,YouTube,39540.23,8448.29
2024-10-21,Phoenix,Display,60427.73,3356.74
2024-10-21,Phoenix,Email,20243.45,986.71
2024-10-28,New_York,TV_National,31.69,10004.71
2024-10-28,New_York,Search_Brand,806.18,5850.83
2024-10-28,New_York,Search_Generic,529.36,4271.42
2024-10-28,New_York,Facebook,19517.04,2971.68
2024-10-28,New_York,Instagram,15990.89,2249.68
2024-10-28,New_York,YouTube,9743.02,2817.78
2024-10-28,New_York,Display,28964.07,1506.04
2024-10-28,New_York,Email,7649.82,426.11
2024-10-28,Los_Angeles,TV_National,55.63,14371.7
2024-10-28,Los_Angeles,Search_Brand,958.45,6142.84
2024-10-28,Los_Angeles,Search_Generic,630.55,4973.93
2024-10-28,Los_Angeles,Facebook,26963.58,4144.42
2024-10-28,Los_Angeles,Instagram,38259.79,4922.62
2024-10-28,Los_Angeles,YouTube,23172.9,4412.08
2024-10-28,Los_Angeles,Display,38220.48,1837.02
2024-10-28,Los_Angeles,Email,10084.26,549.13
2024-10-28,Chicago,TV_National,73.79,20631.16
2024-10-28,Chicago,Search_Brand,1808.15,12568.59
2024-10-28,Chicago,Search_Generic,778.8,6056.13
2024-10-28,Chicago,Facebook,43025.65,7379.65
2024-10-28,Chicago,Instagram,22010.34,3054.02
2024-10-28,Chicago,YouTube,22288.48,4454.25
2024-10-28,Chicago,Display,64878.49,3428.22
2024-10-28,Chicago,Email,11023.57,449.26
2024-10-28,Houston,TV_National,55.96,18663.6
2024-10-28,Houston,Search_Brand,1969.03,13641.39
2024-10-28,Houston,Search_Generic,1201.7,8587.95
2024-10-28,Houston,Facebook,57549.69,8500.16
2024-10-28,Houston,Instagram,36649.43,6352.61
2024-10-28,Houston,YouTube,29780.59,6477.74
2024-10-28,Houston,Display,90033.11,4438.16
2024-10-28,Houston,Email,13957.86,653.13
2024-10-28,Phoenix,TV_National,103.63,29155.88
2024-10-28,Phoenix,Search_Brand,1665.45,11653.6
2024-10-28,Phoenix,Search_Generic,1353.57,10193.77
2024-10-28,Phoenix,Facebook,54431.77,9511.75
2024-10-28,Phoenix,Instagram,43408.49,6256.0
2024-10-28,Phoenix,YouTube,27836.18,5996.33
2024-10-28,Phoenix,Display,57418.24,4115.41
2024-10-28,Phoenix,Email,14019.35,765.13
2024-11-04,New_York,TV_National,29.59,9621.3
2024-11-04,New_York,Search_Brand,802.75,4586.81
2024-11-04,New_York,Search_Generic,601.85,4124.41
2024-11-04,New_York,Facebook,20301.23,2746.89
2024-11-04,New_York,Instagram,14015.91,2001.09
2024-11-04,New_York,YouTube,11863.86,2518.74
2024-11-04,New_York,Display,36451.1,1851.97
2024-11-04,New_York,Email,7515.07,324.85
2024-11-04,Los_Angeles,TV_National,41.28,14257.22
2024-11-04,Los_Angeles,Search_Brand,1137.23,6963.21
2024-11-04,Los_Angeles,Search_Generic,666.16,5584.55
2024-11-04,Los_Angeles,Facebook,28523.08,3688.97
2024-11-04,Los_Angeles,Instagram,17621.28,2542.03
2024-11-04,Los_Angeles,YouTube,20528.18,4125.31
2024-11-04,Los_Angeles,Display,33438.58,1825.29
2024-11-04,Los_Angeles,Email,7490.56,427.94
2024-11-04,Chicago,TV_National,51.62,14977.92
2024-11-04,Chicago,Search_Brand,1615.39,10073.83
2024-11-04,Chicago,Search_Generic,837.96,5586.07
2024-11-04,Chicago,Facebook,30645.25,4953.71
2024-11-04,Chicago,Instagram,29151.71,3534.54
2024-11-04,Chicago,YouTube,21272.13,4249.1
2024-11-04,Chicago,Display,57402.99,3311.83
2024-11-04,Chicago,Email,7270.23,427.26
2024-11-04,Houston,TV_National,67.65,19960.01
2024-11-04,Houston,Search_Brand,1950.06,12687.73
2024-11-04,Houston,Search_Generic,947.62,7105.85
2024-11-04,Houston,Facebook,37925.02,6403.71
2024-11-04,Houston,Instagram,49759.22,6613.39
2024-11-04,Houston,YouTube,27619.8,5194.39
2024-11-04,Houston,Display,69003.86,3499.03
2024-11-04,Houston,Email,12153.62,572.32
2024-11-04,Phoenix,TV_National,72.33,23528.42
2024-11-04,Phoenix,Search_Brand,2263.28,14652.32
2024-11-04,Phoenix,Search_Generic,1518.65,9909.9
2024-11-04,Phoenix,Facebook,53657.89,7426.27
2024-11-04,Phoenix,Instagram,38868.95,5850.75
2024-11-04,Phoenix,YouTube,30225.83,5969.74
2024-11-04,Phoenix,Display,80856.82,3206.51
2024-11-04,Phoenix,Email,10527.41,599.33
2024-11-11,New_York,TV_National,38.73,10817.83
2024-11-11,New_York,Search_Brand,647.37,4061.52
2024-11-11,New_York,Search_Generic,588.62,4428.0
2024-11-11,New_York,Facebook,25758.81,4372.23
2024-11-11,New_York,Instagram,18460.13,2299.86
2024-11-11,New_York,YouTube,13263.42,2707.45
2024-11-11,New_York,Display,29632.82,1417.27
2024-11-11,New_York,Email,7107.9,334.62
2024-11-11,Los_Angeles,TV_National,42.97,14275.2
2024-11-11,Los_Angeles,Search_Brand,859.52,6294.91
2024-11-11,Los_Angeles,Search_Generic,680.4,4610.37
2024-11-11,Los_Angeles,Facebook,37588.44,4137.54
2024-11-11,Los_Angeles,Instagram,21079.92,2933.63
2024-11-11,Los_Angeles,YouTube,15523.33,3309.13
2024-11-11,Los_Angeles,Display,45177.15,2017.95
2024-11-11,Los_Angeles,Email,7650.72,414.13
2024-11-11,Chicago,TV_National,43.11,13530.07
2024-11-11,Chicago,Search_Brand,1416.78,8382.52
2024-11-11,Chicago,Search_Generic,656.67,5085.09
2024-11-11,Chicago,Facebook,30853.53,5294.73
2024-11-11,Chicago,Instagram,21359.02,3200.64
2024-11-11,Chicago,YouTube,18749.23,3678.58
2024-11-11,Chicago,Display,47848.39,2529.03
2024-11-11,Chicago,Email,13127.56,552.49
2024-11-11,Houston,TV_National,66.38,24136.42
2024-11-11,Houston,Search_Brand,1617.47,10976.82
2024-11-11,Houston,Search_Generic,990.13,7727.74
2024-11-11,Houston,Facebook,45509.0,6403.59
2024-11-11,Houston,Instagram,26368.74,4037.81
2024-11-11,Houston,YouTube,24086.15,4705.69
2024-11-11,Houston,Display,74962.68,3441.55
2024-11-11,Houston,Email,12020.63,584.21
2024-11-11,Phoenix,TV_National,96.09,25654.72
2024-11-11,Phoenix,Search_Brand,1722.38,11739.02
2024-11-11,Phoenix,Search_Generic,1086.39,9140.64
2024-11-11,Phoenix,Facebook,54220.95,7190.05
2024-11-11,Phoenix,Instagram,39663.97,5705.08
2024-11-11,Phoenix,YouTube,28169.14,6118.12
2024-11-11,Phoenix,Display,81619.38,4112.85
2024-11-11,Phoenix,Email,13698.99,710.18
2024-11-18,New_York,TV_National,28.05,8798.91
2024-11-18,New_York,Search_Brand,753.92,5228.76
2024-11-18,New_York,Search_Generic,696.51,4511.89
2024-11-18,New_York,Facebook,18257.91,2590.15
2024-11-18,New_York,Instagram,12995.77,1879.82
2024-11-18,New_York,YouTube,15507.92,3198.46
2024-11-18,New_York,Display,32989.86,1562.58
2024-11-18,New_York,Email,4678.57,254.81
2024-11-18,Los_Angeles,TV_National,31.09,10192.09
2024-11-18,Los_Angeles,Search_Brand,672.83,4247.8
2024-11-18,Los_Angeles,Search_Generic,899.63,6648.25
2024-11-18,Los_Angeles,Facebook,21608.68,3291.89
2024-11-18,Los_Angeles,Instagram,17162.91,2660.19
2024-11-18,Los_Angeles,YouTube,20090.57,3705.38
2024-11-18,Los_Angeles,Display,36806.64,1711.62
2024-11-18,Los_Angeles,Email,12383.04,511.88
2024-11-18,Chicago,TV_National,72.76,23889.98
2024-11-18,Chicago,Search_Brand,1833.38,12663.22
2024-11-18,Chicago,Search_Generic,783.74,5688.9
2024-11-18,Chicago,Facebook,34590.2,4748.15
2024-11-18,Chicago,Instagram,20751.45,2975.4
2024-11-18,Chicago,YouTube,24990.37,5026.68
2024-11-18,Chicago,Display,55501.79,2646.29
2024-11-18,Chicago,Email,10467.64,617.6
2024-11-18,Houston,TV_National,66.86,20604.55
2024-11-18,Houston,Search_Brand,1721.33,10321.41
2024-11-18,Houston,Search_Generic,760.52,6311.76
2024-11-18,Houston,Facebook,31183.86,4706.32
2024-11-18,Houston,Instagram,37946.04,5376.89
2024-11-18,Houston,YouTube,19607.83,4116.73
2024-11-18,Houston,Display,44975.07,2516.56
2024-11-18,Houston,Email,11861.57,666.95
2024-11-18,Phoenix,TV_National,86.84,26239.01
2024-11-18,Phoenix,Search_Brand,1750.02,11996.11
2024-11-18,Phoenix,Search_Generic,1438.21,9974.07
2024-11-18,Phoenix,Facebook,57649.82,7783.44
2024-11-18,Phoenix,Instagram,37848.25,5019.1
2024-11-18,Phoenix,YouTube,28150.8,5628.9
2024-11-18,Phoenix,Display,67857.28,3551.59
2024-11-18,Phoenix,Email,13989.25,667.5
2024-11-25,New_York,TV_National,40.52,10811.95
2024-11-25,New_York,Search_Brand,669.49,3923.44
2024-11-25,New_York,Search_Generic,479.61,3387.35
2024-11-25,New_York,Facebook,18349.92,2584.46
2024-11-25,New_York,Instagram,13376.31,2172.4
2024-11-25,New_York,YouTube,14843.72,2594.89
2024-11-25,New_York,Display,33044.46,1442.11
2024-11-25,New_York,Email,6265.77,287.77
2024-11-25,Los_Angeles,TV_National,37.17,8755.92
2024-11-25,Los_Angeles,Search_Brand,1188.44,8151.69
2024-11-25,Los_Angeles,Search_Generic,498.73,3634.28
2024-11-25,Los_Angeles,Facebook,23991.74,3278.26
2024-11-25,Los_Angeles,Instagram,19706.24,3031.21
2024-11-25,Los_Angeles,YouTube,20882.26,3853.2
2024-11-25,Los_Angeles,Display,47169.49,2356.39
2024-11-25,Los_Angeles,Email,7260.94,329.23
2024-11-25,Chicago,TV_National,43.3,14926.25
2024-11-25,Chicago,Search_Brand,1878.92,10154.07
2024-11-25,Chicago,Search_Generic,1022.46,6179.26
2024-11-25,Chicago,Facebook,35396.99,5252.8
2024-11-25,Chicago,Instagram,27761.28,3299.67
2024-11-25,Chicago,YouTube,19843.27,3687.32
2024-11-25,Chicago,Display,45501.48,2382.24
2024-11-25,Chicago,Email,11643.48,604.72
2024-11-25,Houston,TV_National,66.31,17762.94
2024-11-25,Houston,Search_Brand,2046.61,12792.18
2024-11-25,Houston,Search_Generic,867.07,6843.69
2024-11-25,Houston,Facebook,46026.23,6367.51
2024-11-25,Houston,Instagram,29159.56,3797.59
2024-11-25,Houston,YouTube,21472.47,5098.29
2024-11-25,Houston,Display,52042.17,2736.65
2024-11-25,Houston,Email,15034.8,622.33
2024-11-25,Phoenix,TV_National,70.53,23013.43
2024-11-25,Phoenix,Search_Brand,1772.71,12241.58
2024-11-25,Phoenix,Search_Generic,1317.75,9325.71
2024-11-25,Phoenix,Facebook,61967.25,8873.99
2024-11-25,Phoenix,Instagram,51822.49,6625.39
2024-11-25,Phoenix,YouTube,33211.76,5325.36
2024-11-25,Phoenix,Display,71511.75,3887.02
2024-11-25,Phoenix,Email,23350.11,948.47
2024-12-02,New_York,TV_National,26.49,8358.49
2024-12-02,New_York,Search_Brand,703.36,4365.65
2024-12-02,New_York,Search_Generic,574.51,4069.9
2024-12-02,New_York,Facebook,23117.48,2843.05
2024-12-02,New_York,Instagram,14808.83,1870.15
2024-12-02,New_York,YouTube,11198.8,2145.27
2024-12-02,New_York,Display,27373.76,1376.35
2024-12-02,New_York,Email,6053.54,264.59
2024-12-02,Los_Angeles,TV_National,32.03,10347.52
2024-12-02,Los_Angeles,Search_Brand,1400.59,8467.42
2024-12-02,Los_Angeles,Search_Generic,407.06,3230.47
2024-12-02,Los_Angeles,Facebook,18673.69,2933.73
2024-12-02,Los_Angeles,Instagram,11858.38,1683.07
2024-12-02,Los_Angeles,YouTube,13053.64,2595.13
2024-12-02,Los_Angeles,Display,30422.46,1508.56
2024-12-02,Los_Angeles,Email,8407.95,361.77
2024-12-02,Chicago,TV_National,65.5,18165.99
2024-12-02,Chicago,Search_Brand,1365.7,7465.16
2024-12-02,Chicago,Search_Generic,539.75,4658.07
2024-12-02,Chicago,Facebook,42435.35,4838.8
2024-12-02,Chicago,Instagram,23336.01,3327.46
2024-12-02,Chicago,YouTube,17354.22,3157.58
2024-12-02,Chicago,Display,61172.9,2826.57
2024-12-02,Chicago,Email,8308.91,445.87
2024-12-02,Houston,TV_National,49.42,14702.76
2024-12-02,Houston,Search_Brand,1079.47,8095.71
2024-12-02,Houston,Search_Generic,850.73,6700.35
2024-12-02,Houston,Facebook,40255.6,5488.72
2024-12-02,Houston,Instagram,29249.74,4214.68
2024-12-02,Houston,YouTube,22153.26,4892.48
2024-12-02,Houston,Display,61364.31,3022.35
2024-12-02,Houston,Email,10492.4,474.9
2024-12-02,Phoenix,TV_National,61.89,18399.2
2024-12-02,Phoenix,Search_Brand,2194.65,13337.45
2024-12-02,Phoenix,Search_Generic,1085.7,8443.37
2024-12-02,Phoenix,Facebook,60425.83,8069.06
2024-12-02,Phoenix,Instagram,29462.08,4465.94
2024-12-02,Phoenix,YouTube,20837.5,4103.8
2024-12-02,Phoenix,Display,77455.98,3456.85
2024-12-02,Phoenix,Email,16883.53,738.73
2024-12-09,New_York,TV_National,28.26,7565.72
2024-12-09,New_York,Search_Brand,670.94,4138.3
2024-12-09,New_York,Search_Generic,368.52,2699.66
2024-12-09,New_York,Facebook,14169.8,2079.06
2024-12-09,New_York,Instagram,14196.76,2093.84
2024-12-09,New_York,YouTube,10412.01,1913.45
2024-12-09,New_York,Display,26251.63,1378.44
2024-12-09,New_York,Email,7335.44,281.77
2024-12-09,Los_Angeles,TV_National,51.42,13731.75
2024-12-09,Los_Angeles,Search_Brand,1002.94,6575.88
2024-12-09,Los_Angeles,Search_Generic,401.79,3225.16
2024-12-09,Los_Angeles,Facebook,20788.67,3582.24
2024-12-09,Los_Angeles,Instagram,13274.1,2265.48
2024-12-09,Los_Angeles,YouTube,16618.15,3062.35
2024-12-09,Los_Angeles,Display,47377.76,2272.64
2024-12-09,Los_Angeles,Email,5493.16,333.2
2024-12-09,Chicago,TV_National,33.16,11294.51
2024-12-09,Chicago,Search_Brand,1012.9,6861.39
2024-12-09,Chicago,Search_Generic,696.58,5050.22
2024-12-09,Chicago,Facebook,33160.48,4732.22
2024-12-09,Chicago,Instagram,25833.9,4069.82
2024-12-09,Chicago,YouTube,20841.33,4174.09
2024-12-09,Chicago,Display,50923.42,2330.46
2024-12-09,Chicago,Email,10171.46,559.06
2024-12-09,Houston,TV_National,59.55,17368.87
2024-12-09,Houston,Search_Brand,1453.28,9138.02
2024-12-09,Houston,Search_Generic,1192.73,7447.6
2024-12-09,Houston,Facebook,32704.61,4729.64
2024-12-09,Houston,Instagram,27576.51,3634.39
2024-12-09,Houston,YouTube,19331.6,3734.72
2024-12-09,Houston,Display,50302.4,2706.72
2024-12-09,Houston,Email,9143.62,478.95
2024-12-09,Phoenix,TV_National,82.16,24709.74
2024-12-09,Phoenix,Search_Brand,2180.19,12305.74
2024-12-09,Phoenix,Search_Generic,1101.87,8738.99
2024-12-09,Phoenix,Facebook,49773.29,7508.22
2024-12-09,Phoenix,Instagram,27874.03,4542.93
2024-12-09,Phoenix,YouTube,30955.26,6434.7
2024-12-09,Phoenix,Display,64858.88,3596.92
2024-12-09,Phoenix,Email,13849.59,747.3
2024-12-16,New_York,TV_National,29.93,8223.33
2024-12-16,New_York,Search_Brand,754.96,5044.19
2024-12-16,New_York,Search_Generic,463.52,2577.25
2024-12-16,New_York,Facebook,27376.25,3638.23
2024-12-16,New_York,Instagram,12363.12,1750.61
2024-12-16,New_York,YouTube,11714.02,2064.65
2024-12-16,New_York,Display,26927.92,1456.23
2024-12-16,New_York,Email,5837.32,260.91
2024-12-16,Los_Angeles,TV_National,57.03,14683.14
2024-12-16,Los_Angeles,Search_Brand,1009.29,6900.76
2024-12-16,Los_Angeles,Search_Generic,390.23,2841.03
2024-12-16,Los_Angeles,Facebook,27322.41,3848.94
2024-12-16,Los_Angeles,Instagram,16995.85,2716.88
2024-12-16,Los_Angeles,YouTube,17835.67,3348.6
2024-12-16,Los_Angeles,Display,46883.54,2132.46
2024-12-16,Los_Angeles,Email,8091.59,421.51
2024-12-16,Chicago,TV_National,48.93,14544.63
2024-12-16,Chicago,Search_Brand,1320.61,7967.68
2024-12-16,Chicago,Search_Generic,1062.83,6476.03
2024-12-16,Chicago,Facebook,48138.42,6822.36
2024-12-16,Chicago,Instagram,15593.56,1929.12
2024-12-16,Chicago,YouTube,16681.91,3614.8
2024-12-16,Chicago,Display,44141.01,2307.86
2024-12-16,Chicago,Email,9191.5,537.13
2024-12-16,Houston,TV_National,52.39,15185.57
2024-12-16,Houston,Search_Brand,1671.75,10452.45
2024-12-16,Houston,Search_Generic,767.15,6344.94
2024-12-16,Houston,Facebook,39539.23,5514.58
2024-12-16,Houston,Instagram,30292.71,5204.57
2024-12-16,Houston,YouTube,20152.1,4604.98
2024-12-16,Houston,Display,51153.74,2321.95
2024-12-16,Houston,Email,13506.56,645.65
2024-12-16,Phoenix,TV_National,76.61,24111.2
2024-12-16,Phoenix,Search_Brand,1959.07,10496.25
2024-12-16,Phoenix,Search_Generic,1161.67,8095.0
2024-12-16,Phoenix,Facebook,40770.21,7006.7
2024-12-16,Phoenix,Instagram,24306.78,3605.79
2024-12-16,Phoenix,YouTube,35497.02,6561.25
2024-12-16,Phoenix,Display,72740.78,4014.35
2024-12-16,Phoenix,Email,16198.99,892.0
2024-12-23,New_York,TV_National,28.88,8672.48
2024-12-23,New_York,Search_Brand,748.47,4364.67
2024-12-23,New_York,Search_Generic,352.15,3022.77
2024-12-23,New_York,Facebook,18888.37,2808.41
2024-12-23,New_York,Instagram,24861.38,3252.92
2024-12-23,New_York,YouTube,9477.32,2106.6
2024-12-23,New_York,Display,19060.9,1055.94
2024-12-23,New_York,Email,6571.49,284.87
2024-12-23,Los_Angeles,TV_National,46.61,13666.38
2024-12-23,Los_Angeles,Search_Brand,904.26,5868.52
2024-12-23,Los_Angeles,Search_Generic,676.74,4274.21
2024-12-23,Los_Angeles,Facebook,25970.75,3742.28
2024-12-23,Los_Angeles,Instagram,13539.27,1932.91
2024-12-23,Los_Angeles,YouTube,15690.7,3491.75
2024-12-23,Los_Angeles,Display,37237.69,1719.99
2024-12-23,Los_Angeles,Email,6858.59,308.51
2024-12-23,Chicago,TV_National,43.52,13572.23
2024-12-23,Chicago,Search_Brand,1031.84,6623.72
2024-12-23,Chicago,Search_Generic,1226.03,8504.01
2024-12-23,Chicago,Facebook,33752.84,4304.2
2024-12-23,Chicago,Instagram,26805.84,3270.88
2024-12-23,Chicago,YouTube,16481.14,4424.22
2024-12-23,Chicago,Display,46323.38,2107.44
2024-12-23,Chicago,Email,9049.92,501.27
2024-12-23,Houston,TV_National,44.72,16231.68
2024-12-23,Houston,Search_Brand,1757.84,9394.64
2024-12-23,Houston,Search_Generic,1337.22,8056.29
2024-12-23,Houston,Facebook,52689.11,6792.04
2024-12-23,Houston,Instagram,41540.43,5600.34
2024-12-23,Houston,YouTube,25658.3,4628.18
2024-12-23,Houston,Display,70531.25,3699.95
2024-12-23,Houston,Email,10828.58,533.96
2024-12-23,Phoenix,TV_National,85.89,23789.57
2024-12-23,Phoenix,Search_Brand,1642.68,9045.69
2024-12-23,Phoenix,Search_Generic,990.69,7629.76
2024-12-23,Phoenix,Facebook,56050.61,6113.58
2024-12-23,Phoenix,Instagram,33333.44,5081.19
2024-12-23,Phoenix,YouTube,34422.37,6374.82
2024-12-23,Phoenix,Display,74024.55,3402.82
2024-12-23,Phoenix,Email,11774.92,618.49
